2026-01-06 21:18:32,230 INFO Bot initialized. Model loaded from models\best_model.zip
2026-01-06 21:18:35,609 INFO AI Action: HOLD, Price: 93392.1, RSI: 37.35236022776189, ATR: 116.96334800462652, Lev: 50
2026-01-06 21:19:36,692 INFO AI Action: HOLD, Price: 93478.1, RSI: 41.964069766048205, ATR: 117.48646747319654, Lev: 50
2026-01-06 21:20:37,769 INFO AI Action: HOLD, Price: 93504.5, RSI: 43.42367928473558, ATR: 113.45418702674726, Lev: 50
2026-01-06 21:21:39,254 INFO AI Action: HOLD, Price: 93457.2, RSI: 41.472536701658484, ATR: 110.31698601750314, Lev: 50
2026-01-06 21:22:40,802 INFO AI Action: HOLD, Price: 93414.3, RSI: 39.70592138075188, ATR: 108.5969916253517, Lev: 50
2026-01-06 21:23:42,524 INFO AI Action: SELL, Price: 93358.1, RSI: 37.59957843805346, ATR: 106.403002885235, Lev: 50
2026-01-06 21:23:47,743 INFO Entered SHORT at 93358.1
2026-01-06 21:24:49,248 INFO AI Action: HOLD, Price: 93404.7, RSI: 40.43856632958586, ATR: 102.93139545312125, Lev: 50
2026-01-06 21:25:51,206 INFO AI Action: HOLD, Price: 93440.2, RSI: 42.68781729266194, ATR: 100.28147925763902, Lev: 50
2026-01-06 21:26:52,736 INFO AI Action: HOLD, Price: 93430.5, RSI: 42.17270069427772, ATR: 99.02299541582954, Lev: 50
2026-01-06 21:27:54,226 INFO AI Action: HOLD, Price: 93415.4, RSI: 41.522502753771874, ATR: 95.81174141181093, Lev: 50
2026-01-06 21:28:56,022 INFO AI Action: HOLD, Price: 93482.5, RSI: 46.12206614966278, ATR: 97.29925067075838, Lev: 50
2026-01-06 21:29:57,542 INFO AI Action: HOLD, Price: 93485.0, RSI: 46.260513348952394, ATR: 92.72376609896385, Lev: 50
2026-01-06 21:30:59,127 INFO AI Action: HOLD, Price: 93605.5, RSI: 53.66526221425026, ATR: 94.69513469726515, Lev: 50
2026-01-06 21:32:00,955 INFO AI Action: HOLD, Price: 93662.0, RSI: 56.7817749871444, ATR: 92.9828231022201, Lev: 50
2026-01-06 21:33:02,462 INFO AI Action: HOLD, Price: 93632.9, RSI: 54.60060181140058, ATR: 94.58220951093864, Lev: 50
2026-01-06 21:34:04,154 INFO AI Action: SELL, Price: 93678.3, RSI: 57.328938402338885, ATR: 93.61888324242774, Lev: 50
2026-01-06 21:35:06,034 INFO AI Action: HOLD, Price: 93642.0, RSI: 54.57312667564629, ATR: 93.03706330968683, Lev: 50
2026-01-06 21:36:08,037 INFO AI Action: SELL, Price: 93624.3, RSI: 53.15250911125635, ATR: 92.46077378560652, Lev: 50
2026-01-06 21:37:10,044 INFO AI Action: HOLD, Price: 93540.3, RSI: 47.14178161477824, ATR: 97.05069761708111, Lev: 50
2026-01-06 21:38:11,867 INFO AI Action: HOLD, Price: 93394.5, RSI: 38.840485103350076, ATR: 100.5660909414883, Lev: 50
2026-01-06 21:39:13,124 INFO AI Action: HOLD, Price: 93341.9, RSI: 36.36752882914312, ATR: 100.0816634681171, Lev: 50
2026-01-06 21:40:14,904 INFO AI Action: HOLD, Price: 93409.1, RSI: 41.471209158552526, ATR: 98.70492618848802, Lev: 50
2026-01-06 21:41:16,451 INFO AI Action: HOLD, Price: 93475.7, RSI: 46.21717250483997, ATR: 96.7293681545559, Lev: 50
2026-01-06 21:42:18,106 INFO AI Action: HOLD, Price: 93472.4, RSI: 45.93076974516945, ATR: 93.54636985079257, Lev: 50
2026-01-06 21:43:19,720 INFO AI Action: HOLD, Price: 93519.2, RSI: 49.28967338554384, ATR: 94.42600802392518, Lev: 50
2026-01-06 21:44:21,496 INFO AI Action: HOLD, Price: 93439.0, RSI: 44.291626663370856, ATR: 93.66172466884478, Lev: 50
2026-01-06 21:45:23,556 INFO AI Action: HOLD, Price: 93400.0, RSI: 42.02850905096348, ATR: 89.75625245637966, Lev: 50
2026-01-06 21:46:25,160 INFO AI Action: HOLD, Price: 93440.3, RSI: 45.2493526876751, ATR: 87.20684139633771, Lev: 50
2026-01-06 21:47:26,750 INFO AI Action: HOLD, Price: 93355.0, RSI: 40.34287608700456, ATR: 87.79720889950343, Lev: 50
2026-01-06 21:48:28,338 INFO AI Action: HOLD, Price: 93395.6, RSI: 43.34226447426266, ATR: 86.53585958193054, Lev: 50
2026-01-06 21:49:30,104 INFO AI Action: HOLD, Price: 93357.8, RSI: 41.25388099572251, ATR: 86.09371559667392, Lev: 50
2026-01-06 21:50:31,806 INFO AI Action: HOLD, Price: 93367.8, RSI: 42.137766935522535, ATR: 82.26375523853989, Lev: 50
2026-01-06 21:51:33,263 INFO AI Action: HOLD, Price: 93243.6, RSI: 35.39224550051126, ATR: 88.86560176675772, Lev: 50
2026-01-06 21:52:34,956 INFO AI Action: HOLD, Price: 93199.4, RSI: 33.426098212967396, ATR: 88.85603776456965, Lev: 50
2026-01-06 21:53:36,717 INFO AI Action: SELL, Price: 93212.3, RSI: 34.584446001796586, ATR: 85.78187021849098, Lev: 50
2026-01-06 21:54:40,238 INFO Risk exit: Time Limit, PnL: 188.10
2026-01-06 21:54:45,240 INFO AI Action: SELL, Price: 93170.0, RSI: 32.67127510306528, ATR: 83.72315640449214, Lev: 50
2026-01-06 21:54:48,468 INFO Entered SHORT at 93170.0
2026-01-06 21:55:50,257 INFO AI Action: HOLD, Price: 93196.7, RSI: 35.019085438440094, ATR: 81.50834022334288, Lev: 50
2026-01-06 21:56:52,570 INFO AI Action: HOLD, Price: 93009.4, RSI: 27.255997207406097, ATR: 95.85578995832363, Lev: 50
2026-01-06 21:57:54,403 INFO AI Action: HOLD, Price: 93000.0, RSI: 27.1149932894657, ATR: 97.32458021901805, Lev: 50
2026-01-06 21:58:56,160 INFO AI Action: HOLD, Price: 92911.9, RSI: 24.26722471794621, ATR: 101.62906531637076, Lev: 50
2026-01-06 21:59:57,827 INFO AI Action: HOLD, Price: 92907.8, RSI: 23.876194423359685, ATR: 97.91225106711165, Lev: 50
2026-01-06 22:00:59,725 INFO AI Action: HOLD, Price: 92806.0, RSI: 20.838646261397233, ATR: 100.39393292791698, Lev: 50
2026-01-06 22:02:01,581 INFO AI Action: HOLD, Price: 92908.0, RSI: 30.47529398687273, ATR: 105.04762959518159, Lev: 50
2026-01-06 22:03:03,236 INFO AI Action: HOLD, Price: 92850.3, RSI: 28.1911114289623, ATR: 101.98907816250873, Lev: 50
2026-01-06 22:04:04,449 INFO AI Action: HOLD, Price: 92753.8, RSI: 25.043937411148807, ATR: 102.35813375550039, Lev: 50
2026-01-06 22:05:06,091 INFO AI Action: HOLD, Price: 92772.6, RSI: 26.846104696252308, ATR: 104.59437594534744, Lev: 50
2026-01-06 22:06:07,994 INFO AI Action: HOLD, Price: 92664.9, RSI: 23.481844429265745, ATR: 108.77004595666536, Lev: 50
2026-01-06 22:07:09,812 INFO AI Action: SELL, Price: 92752.8, RSI: 31.097300694621204, ATR: 110.4451528042815, Lev: 50
2026-01-06 22:08:11,351 INFO AI Action: HOLD, Price: 92737.7, RSI: 30.48844013454813, ATR: 107.47650801339093, Lev: 50
2026-01-06 22:09:13,044 INFO AI Action: HOLD, Price: 92728.2, RSI: 30.07524553867263, ATR: 105.2581808103682, Lev: 50
2026-01-06 22:10:14,815 INFO AI Action: HOLD, Price: 92688.0, RSI: 28.53198829437687, ATR: 102.1926366963317, Lev: 50
2026-01-06 22:11:16,135 INFO AI Action: HOLD, Price: 92599.1, RSI: 25.44224535725625, ATR: 102.08965485687987, Lev: 50
2026-01-06 22:12:17,274 INFO AI Action: HOLD, Price: 92628.3, RSI: 28.148528603596603, ATR: 99.66158350773182, Lev: 50
2026-01-06 22:13:18,887 INFO AI Action: HOLD, Price: 92592.0, RSI: 26.80140489577494, ATR: 99.26672420434981, Lev: 50
2026-01-06 22:14:20,569 INFO AI Action: HOLD, Price: 92372.4, RSI: 20.543477535141363, ATR: 110.00988901615628, Lev: 50
2026-01-06 22:15:22,031 INFO AI Action: HOLD, Price: 92508.2, RSI: 31.325879027968323, ATR: 115.12601787234031, Lev: 50
2026-01-06 22:16:23,562 INFO AI Action: HOLD, Price: 92480.2, RSI: 30.383177958207444, ATR: 113.00736056300521, Lev: 50
2026-01-06 22:17:25,056 INFO AI Action: HOLD, Price: 92491.1, RSI: 31.36569809539455, ATR: 111.37832339023574, Lev: 50
2026-01-06 22:18:26,821 INFO AI Action: HOLD, Price: 92374.3, RSI: 27.323369022135523, ATR: 114.67463769593165, Lev: 50
2026-01-06 22:19:28,474 INFO AI Action: HOLD, Price: 92380.3, RSI: 27.899614462140303, ATR: 117.9233587585008, Lev: 50
2026-01-06 22:20:30,246 INFO AI Action: HOLD, Price: 92475.9, RSI: 35.42879931600809, ATR: 120.92289280642807, Lev: 50
2026-01-06 22:21:32,070 INFO AI Action: HOLD, Price: 92479.0, RSI: 35.75343443889915, ATR: 119.22946120185402, Lev: 50
2026-01-06 22:22:33,756 INFO AI Action: HOLD, Price: 92602.4, RSI: 44.316768212258914, ATR: 121.3266857092118, Lev: 50
2026-01-06 22:23:35,522 INFO AI Action: HOLD, Price: 92533.4, RSI: 41.106379283044134, ATR: 119.25394361743317, Lev: 50
2026-01-06 22:24:37,107 INFO AI Action: HOLD, Price: 92610.0, RSI: 45.942780350746354, ATR: 119.53797991690466, Lev: 50
2026-01-06 22:25:41,559 INFO Risk exit: Time Limit, PnL: 593.70
2026-01-06 22:25:46,561 INFO AI Action: HOLD, Price: 92576.3, RSI: 44.18048121765097, ATR: 116.48309193640904, Lev: 50
2026-01-06 22:26:48,291 INFO AI Action: HOLD, Price: 92427.6, RSI: 37.48035833047741, ATR: 118.81607132072251, Lev: 50
2026-01-06 22:27:49,949 INFO AI Action: HOLD, Price: 92494.2, RSI: 41.706349881413324, ATR: 117.77949788310808, Lev: 50
2026-01-06 22:28:51,828 INFO AI Action: HOLD, Price: 92593.7, RSI: 47.437343027160196, ATR: 116.71837776693343, Lev: 50
2026-01-06 22:29:53,817 INFO AI Action: HOLD, Price: 92644.7, RSI: 50.27101456535801, ATR: 112.47032181004516, Lev: 50
2026-01-06 22:30:55,713 INFO AI Action: SELL, Price: 92640.3, RSI: 50.05626552239946, ATR: 108.32004640626569, Lev: 50
2026-01-06 22:30:59,405 INFO Entered SHORT at 92640.3
2026-01-06 22:32:01,044 INFO AI Action: HOLD, Price: 92524.9, RSI: 43.8833238051233, ATR: 106.0858443659484, Lev: 50
2026-01-06 22:33:02,592 INFO AI Action: HOLD, Price: 92603.9, RSI: 48.716707453942085, ATR: 104.6168765155829, Lev: 50
2026-01-06 22:34:04,441 INFO AI Action: HOLD, Price: 92579.2, RSI: 47.46510499298965, ATR: 101.81617082348536, Lev: 50
2026-01-06 22:35:05,574 INFO AI Action: HOLD, Price: 92680.3, RSI: 53.2266129957833, ATR: 106.7346517724835, Lev: 50
2026-01-06 22:36:07,342 INFO AI Action: HOLD, Price: 92622.9, RSI: 49.77978423247279, ATR: 104.91989915722652, Lev: 50
2026-01-06 22:37:08,493 INFO AI Action: HOLD, Price: 92679.5, RSI: 52.973756750963595, ATR: 102.95231230848746, Lev: 50
2026-01-06 22:38:09,605 INFO AI Action: HOLD, Price: 92691.9, RSI: 53.67390184764994, ATR: 99.9402429661019, Lev: 50
2026-01-06 22:38:28,636 INFO KeyboardInterrupt: Bot stopped by user.
2026-01-08 02:14:12,933 INFO Bot initialized. Model loaded from models\best_model.zip
2026-01-08 02:14:17,513 INFO AI Action: SELL, Price: 91021.3, RSI: 52.7766850451308, ATR: 49.878980876136275, Lev: 50
2026-01-08 02:14:24,456 INFO Entered SHORT at 91021.3
2026-01-08 02:15:26,087 INFO AI Action: HOLD, Price: 90970.2, RSI: 48.03026719695248, ATR: 49.97312792290824, Lev: 50
2026-01-08 02:16:27,743 INFO AI Action: SELL, Price: 90950.3, RSI: 46.27603568304902, ATR: 48.30584291739392, Lev: 50
2026-01-08 02:17:29,812 INFO AI Action: SELL, Price: 91024.6, RSI: 53.12655942317329, ATR: 50.18426141511879, Lev: 50
2026-01-08 02:18:31,573 INFO AI Action: HOLD, Price: 91038.4, RSI: 54.37391175282746, ATR: 47.5878000767675, Lev: 50
2026-01-08 02:19:33,270 INFO AI Action: SELL, Price: 90995.7, RSI: 50.17355961437349, ATR: 47.87316026267256, Lev: 50
2026-01-08 02:20:34,761 INFO AI Action: HOLD, Price: 90978.8, RSI: 48.51809514490017, ATR: 46.191630365294095, Lev: 50
2026-01-08 02:21:36,634 INFO AI Action: SELL, Price: 91075.4, RSI: 57.01165040728448, ATR: 49.79499992219121, Lev: 50
2026-01-08 02:22:38,137 INFO AI Action: SELL, Price: 91058.9, RSI: 55.32589641884703, ATR: 49.209349297006526, Lev: 50
2026-01-08 02:23:39,672 INFO AI Action: HOLD, Price: 91058.9, RSI: 55.3314465918767, ATR: 49.2117010949918, Lev: 50
2026-01-08 02:24:41,237 INFO AI Action: HOLD, Price: 91082.6, RSI: 57.31624070106781, ATR: 45.227173137118555, Lev: 50
2026-01-08 02:25:42,869 INFO AI Action: SELL, Price: 91060.2, RSI: 54.83498709786761, ATR: 45.28512615320163, Lev: 50
2026-01-08 02:26:44,414 INFO AI Action: HOLD, Price: 91080.8, RSI: 56.82548243688554, ATR: 43.51974248565432, Lev: 50
2026-01-08 02:27:45,997 INFO AI Action: HOLD, Price: 91024.7, RSI: 50.472643443902086, ATR: 44.41227970650297, Lev: 50
2026-01-08 02:28:47,726 INFO AI Action: HOLD, Price: 91038.8, RSI: 51.84068231957418, ATR: 42.79842303206504, Lev: 50
2026-01-08 02:29:49,347 INFO AI Action: HOLD, Price: 91003.0, RSI: 47.98491692442786, ATR: 42.299490211506374, Lev: 50
2026-01-08 02:30:51,072 INFO AI Action: HOLD, Price: 91000.2, RSI: 47.73229025099957, ATR: 40.54729898666838, Lev: 50
2026-01-08 02:31:52,637 INFO AI Action: SELL, Price: 91122.5, RSI: 59.57913118473459, ATR: 48.06287550939272, Lev: 50
2026-01-08 02:32:54,278 INFO AI Action: SELL, Price: 91191.1, RSI: 64.32980655283232, ATR: 50.10811716820037, Lev: 50
2026-01-08 02:33:55,826 INFO AI Action: HOLD, Price: 91142.7, RSI: 59.000481120248075, ATR: 52.65799119838472, Lev: 50
2026-01-08 02:34:57,409 INFO AI Action: SELL, Price: 91110.3, RSI: 55.617822460411205, ATR: 51.212934660614984, Lev: 50
2026-01-08 02:35:59,088 INFO AI Action: HOLD, Price: 91128.6, RSI: 57.22443410157016, ATR: 48.87625615114905, Lev: 50
2026-01-08 02:37:00,895 INFO AI Action: SELL, Price: 91115.5, RSI: 55.714775664852226, ATR: 46.77701729235888, Lev: 50
2026-01-08 02:38:02,740 INFO AI Action: HOLD, Price: 91074.9, RSI: 51.275963735413875, ATR: 43.82359799664352, Lev: 50
2026-01-08 02:39:04,485 INFO AI Action: HOLD, Price: 91134.4, RSI: 56.84947012094743, ATR: 44.94413144508669, Lev: 50
2026-01-08 02:40:06,046 INFO AI Action: SELL, Price: 91146.9, RSI: 57.97928053334015, ATR: 42.83775621405316, Lev: 50
2026-01-08 02:41:07,610 INFO AI Action: SELL, Price: 91071.3, RSI: 49.61532776970321, ATR: 45.556592931078335, Lev: 50
2026-01-08 02:42:09,692 INFO AI Action: SELL, Price: 91079.2, RSI: 50.452198910380844, ATR: 42.889410442108414, Lev: 50
2026-01-08 02:43:11,278 INFO AI Action: HOLD, Price: 91076.2, RSI: 50.20964203617624, ATR: 42.543111094567706, Lev: 50
2026-01-08 02:44:12,766 INFO AI Action: SELL, Price: 91159.1, RSI: 58.17456489352303, ATR: 45.42140558372348, Lev: 50
2026-01-08 02:45:15,124 INFO Risk exit: Time Limit, PnL: -119.50
2026-01-08 02:45:20,128 INFO AI Action: HOLD, Price: 91140.8, RSI: 56.01477323360517, ATR: 43.478633878624414, Lev: 50
2026-01-08 02:46:21,284 INFO AI Action: SELL, Price: 91134.3, RSI: 55.20011735374309, ATR: 42.07336198806928, Lev: 50
2026-01-08 02:46:23,528 INFO Entered SHORT at 91134.3
2026-01-08 02:47:24,730 INFO AI Action: SELL, Price: 91154.7, RSI: 57.230353494405165, ATR: 40.524703044281694, Lev: 50
2026-01-08 02:48:25,791 INFO AI Action: SELL, Price: 91154.7, RSI: 57.1409164318507, ATR: 40.522712750666855, Lev: 50
2026-01-08 02:49:27,430 INFO AI Action: HOLD, Price: 91192.0, RSI: 60.92068352018043, ATR: 37.602379183964665, Lev: 50
2026-01-08 02:50:29,095 INFO AI Action: HOLD, Price: 91167.7, RSI: 57.46509751906108, ATR: 36.65498846938825, Lev: 50
2026-01-08 02:51:30,773 INFO AI Action: HOLD, Price: 91157.2, RSI: 55.95083967204652, ATR: 34.78877785113546, Lev: 50
2026-01-08 02:52:32,460 INFO AI Action: HOLD, Price: 91104.1, RSI: 49.006717708674906, ATR: 36.104160510690406, Lev: 50
2026-01-08 02:53:34,182 INFO AI Action: HOLD, Price: 91119.9, RSI: 51.01333494589911, ATR: 34.67856809023615, Lev: 50
2026-01-08 02:54:35,866 INFO AI Action: HOLD, Price: 91131.6, RSI: 52.414520697308156, ATR: 33.041487526980056, Lev: 50
2026-01-08 02:55:37,748 INFO AI Action: HOLD, Price: 91131.5, RSI: 52.413098925201275, ATR: 31.514476673659907, Lev: 50
2026-01-08 02:56:39,593 INFO AI Action: SELL, Price: 91139.3, RSI: 53.4541977905888, ATR: 29.821734117380956, Lev: 50
2026-01-08 02:57:41,374 INFO AI Action: HOLD, Price: 91135.5, RSI: 52.84742135062195, ATR: 27.966398462562285, Lev: 50
2026-01-08 02:58:43,359 INFO AI Action: HOLD, Price: 91139.3, RSI: 53.466722669993516, ATR: 26.26947087529939, Lev: 50
2026-01-08 02:59:44,972 INFO AI Action: HOLD, Price: 91139.3, RSI: 53.54089765025292, ATR: 24.410767646801514, Lev: 50
2026-01-08 03:00:46,513 INFO AI Action: SELL, Price: 91145.0, RSI: 54.349542403807604, ATR: 23.08938947343754, Lev: 50
2026-01-08 03:01:48,405 INFO AI Action: SELL, Price: 91167.1, RSI: 58.00179105152416, ATR: 23.015430419718324, Lev: 50
2026-01-08 03:02:50,025 INFO AI Action: SELL, Price: 91167.1, RSI: 57.929923951927, ATR: 23.017799384112244, Lev: 50
2026-01-08 03:03:51,558 INFO AI Action: SELL, Price: 91180.6, RSI: 60.42509125288158, ATR: 22.02542492553839, Lev: 50
2026-01-08 03:04:53,198 INFO AI Action: SELL, Price: 91183.0, RSI: 60.6685233931079, ATR: 21.056195108124285, Lev: 50
2026-01-08 03:05:55,000 INFO AI Action: SELL, Price: 91172.8, RSI: 58.06251461980264, ATR: 20.27740983901875, Lev: 50
2026-01-08 03:06:57,006 INFO AI Action: HOLD, Price: 91172.8, RSI: 58.08506662262601, ATR: 20.28223561942733, Lev: 50
2026-01-08 03:07:58,536 INFO AI Action: SELL, Price: 91033.0, RSI: 33.84941252336838, ATR: 27.47665861711408, Lev: 50
2026-01-08 03:09:00,092 INFO AI Action: HOLD, Price: 91048.4, RSI: 37.12758591532979, ATR: 27.72915850169616, Lev: 50
2026-01-08 03:10:02,088 INFO AI Action: SELL, Price: 91048.4, RSI: 37.06269589169138, ATR: 27.728787909227034, Lev: 50
2026-01-08 03:11:03,634 INFO AI Action: HOLD, Price: 91065.0, RSI: 42.128898567550586, ATR: 26.434851386899343, Lev: 50
2026-01-08 03:12:05,306 INFO AI Action: HOLD, Price: 91065.0, RSI: 42.31975544151714, ATR: 24.54440670667206, Lev: 50
2026-01-08 03:13:06,963 INFO AI Action: HOLD, Price: 91100.1, RSI: 48.686862624909345, ATR: 25.297459686099646, Lev: 50
2026-01-08 03:14:08,038 INFO AI Action: SELL, Price: 91110.5, RSI: 50.47771375539832, ATR: 24.232894093605832, Lev: 50
2026-01-08 03:15:09,760 INFO AI Action: SELL, Price: 91083.2, RSI: 45.93882892475585, ATR: 24.679525278009383, Lev: 50
2026-01-08 03:16:11,433 INFO AI Action: HOLD, Price: 91082.7, RSI: 45.934135418797595, ATR: 22.958224201670234, Lev: 50
2026-01-08 03:17:16,546 INFO Risk exit: Time Limit, PnL: 95.60
2026-01-08 03:17:21,550 INFO AI Action: SELL, Price: 91038.7, RSI: 39.23922147475331, ATR: 24.463114452030986, Lev: 50
2026-01-08 03:17:24,783 INFO Entered SHORT at 91038.7
2026-01-08 03:18:25,995 INFO AI Action: SELL, Price: 91068.3, RSI: 45.03203741921563, ATR: 24.825222772182133, Lev: 50
2026-01-08 03:19:27,533 INFO AI Action: HOLD, Price: 91068.3, RSI: 45.03972358760336, ATR: 24.824236208579045, Lev: 50
2026-01-08 03:20:29,042 INFO AI Action: SELL, Price: 91068.3, RSI: 44.96986791355795, ATR: 24.83080340851505, Lev: 50
2026-01-08 03:21:30,744 INFO AI Action: HOLD, Price: 91101.1, RSI: 51.31985945528738, ATR: 22.22552203270731, Lev: 50
2026-01-08 03:22:32,407 INFO AI Action: HOLD, Price: 91101.1, RSI: 51.36944170943642, ATR: 22.222107936963134, Lev: 50
2026-01-08 03:23:34,180 INFO AI Action: SELL, Price: 91062.1, RSI: 44.36158913582919, ATR: 21.948403471063678, Lev: 50
2026-01-08 03:24:35,936 INFO AI Action: SELL, Price: 91062.0, RSI: 44.29768415486712, ATR: 20.3912284986791, Lev: 50
2026-01-08 03:25:37,652 INFO AI Action: HOLD, Price: 91060.5, RSI: 43.99583896719017, ATR: 19.348335902981212, Lev: 50
2026-01-08 03:26:39,370 INFO AI Action: SELL, Price: 91060.5, RSI: 44.27050240711136, ATR: 19.352470987888747, Lev: 50
2026-01-08 03:27:40,880 INFO AI Action: HOLD, Price: 91060.5, RSI: 44.08106945108469, ATR: 19.351727161964558, Lev: 50
2026-01-08 03:28:42,450 INFO AI Action: HOLD, Price: 91060.5, RSI: 43.92391772292122, ATR: 19.351454291950525, Lev: 50
2026-01-08 03:29:43,683 INFO AI Action: HOLD, Price: 91095.3, RSI: 52.9763503737619, ATR: 16.876921220616406, Lev: 50
2026-01-08 03:30:45,089 INFO AI Action: SELL, Price: 91096.7, RSI: 53.0576472636377, ATR: 15.771255255756072, Lev: 50
2026-01-08 03:31:46,121 INFO AI Action: SELL, Price: 90982.9, RSI: 33.28884013459541, ATR: 22.77401263516725, Lev: 50
2026-01-08 03:31:54,710 INFO KeyboardInterrupt: Bot stopped by user.
2026-01-08 11:38:23,432 INFO Bot initialized. Model loaded from models\best_model.zip
2026-01-08 11:38:27,246 INFO AI Action: HOLD, Price: 90471.3, RSI: 20.727575979964353, ATR: 49.483181571706155, Lev: 50
2026-01-08 11:39:28,504 INFO AI Action: SELL, Price: 90415.4, RSI: 18.609597242997832, ATR: 53.797288365340364, Lev: 50
2026-01-08 11:39:32,151 INFO Entered SHORT at 90415.4
2026-01-08 11:40:33,314 INFO AI Action: HOLD, Price: 90540.0, RSI: 34.66648204477018, ATR: 60.683199152227346, Lev: 50
2026-01-08 11:41:34,434 INFO AI Action: HOLD, Price: 90541.8, RSI: 34.92952802746071, ATR: 58.46171230032356, Lev: 50
2026-01-08 11:42:35,750 INFO AI Action: HOLD, Price: 90435.2, RSI: 29.151473847202833, ATR: 62.245603695899746, Lev: 50
2026-01-08 11:43:37,421 INFO AI Action: HOLD, Price: 90379.1, RSI: 26.701161687377304, ATR: 64.38247671378626, Lev: 50
2026-01-08 11:44:38,611 INFO AI Action: HOLD, Price: 90452.6, RSI: 34.54186530505575, ATR: 66.59530050050682, Lev: 50
2026-01-08 11:45:39,744 INFO AI Action: SELL, Price: 90483.2, RSI: 37.50469448333213, ATR: 64.04101469226488, Lev: 50
2026-01-08 11:46:40,891 INFO AI Action: HOLD, Price: 90448.0, RSI: 35.493302065436225, ATR: 63.435967832902655, Lev: 50
2026-01-08 11:47:41,958 INFO AI Action: HOLD, Price: 90417.0, RSI: 33.840551527726284, ATR: 62.970777335929704, Lev: 50
2026-01-08 11:48:43,194 INFO AI Action: SELL, Price: 90306.6, RSI: 28.50761024137481, ATR: 71.30427321558636, Lev: 50
2026-01-08 11:49:44,315 INFO AI Action: HOLD, Price: 90285.1, RSI: 27.597180034259278, ATR: 68.51037477917751, Lev: 50
2026-01-08 11:50:45,458 INFO AI Action: HOLD, Price: 90287.1, RSI: 27.836448423924832, ATR: 66.38879869149191, Lev: 50
2026-01-08 11:51:46,664 INFO AI Action: HOLD, Price: 90444.7, RSI: 43.13416661056103, ATR: 73.45636555018618, Lev: 50
2026-01-08 11:52:47,817 INFO AI Action: HOLD, Price: 90399.8, RSI: 40.49067853206383, ATR: 75.51205711364348, Lev: 50
2026-01-08 11:53:48,966 INFO AI Action: HOLD, Price: 90330.5, RSI: 36.79702045650736, ATR: 75.16829655363907, Lev: 50
2026-01-08 11:54:50,185 INFO AI Action: HOLD, Price: 90228.4, RSI: 32.07486056402099, ATR: 78.82438180982372, Lev: 50
2026-01-08 11:55:51,637 INFO AI Action: HOLD, Price: 90166.3, RSI: 29.58378890160075, ATR: 81.75182022252476, Lev: 50
2026-01-08 11:56:52,818 INFO AI Action: HOLD, Price: 90266.4, RSI: 37.914905398806866, ATR: 83.06011847488244, Lev: 50
2026-01-08 11:57:54,005 INFO AI Action: HOLD, Price: 90239.8, RSI: 36.67761108203492, ATR: 80.796454496142, Lev: 50
2026-01-08 11:58:55,139 INFO AI Action: HOLD, Price: 90307.8, RSI: 41.898093537285895, ATR: 81.3173721241505, Lev: 50
2026-01-08 11:59:56,263 INFO AI Action: SELL, Price: 90250.9, RSI: 39.00387266658473, ATR: 81.71247931281256, Lev: 50
2026-01-08 12:00:57,489 INFO AI Action: HOLD, Price: 90232.4, RSI: 38.078718697521055, ATR: 78.99470208515147, Lev: 50
2026-01-08 12:01:58,633 INFO AI Action: HOLD, Price: 90286.9, RSI: 42.408755866873655, ATR: 77.2462450825738, Lev: 50
2026-01-08 12:02:59,748 INFO AI Action: HOLD, Price: 90300.2, RSI: 43.44987829936124, ATR: 75.79459589635361, Lev: 50
2026-01-08 12:04:00,892 INFO AI Action: SELL, Price: 90281.6, RSI: 42.76303716043531, ATR: 70.58216739547561, Lev: 50
2026-01-08 12:05:01,916 INFO AI Action: SELL, Price: 90277.9, RSI: 42.52871303781695, ATR: 67.0107275603952, Lev: 50
2026-01-08 12:06:03,387 INFO AI Action: HOLD, Price: 90253.7, RSI: 40.85608715566622, ATR: 64.59057589792044, Lev: 50
2026-01-08 12:07:04,512 INFO AI Action: HOLD, Price: 90223.3, RSI: 38.83787398280831, ATR: 64.8099736494181, Lev: 50
2026-01-08 12:08:05,626 INFO AI Action: HOLD, Price: 90333.5, RSI: 48.86694929086005, ATR: 68.38905350905098, Lev: 50
2026-01-08 12:09:06,786 INFO AI Action: HOLD, Price: 90361.9, RSI: 51.00741007925745, ATR: 66.73826294380379, Lev: 50
2026-01-08 12:10:09,032 INFO Risk exit: Time Limit, PnL: 59.60
2026-01-08 12:10:14,034 INFO AI Action: HOLD, Price: 90355.8, RSI: 50.55351535003753, ATR: 63.089430301874245, Lev: 50
2026-01-08 12:11:15,147 INFO AI Action: HOLD, Price: 90320.2, RSI: 47.62186307856356, ATR: 62.03897288466944, Lev: 50
2026-01-08 12:12:16,300 INFO AI Action: SELL, Price: 90358.4, RSI: 50.92794832730181, ATR: 60.34358700812182, Lev: 50
2026-01-08 12:12:18,253 INFO Entered SHORT at 90358.4
2026-01-08 12:13:19,369 INFO AI Action: SELL, Price: 90358.2, RSI: 50.86896066661512, ATR: 56.06706848963125, Lev: 50
2026-01-08 12:14:20,497 INFO AI Action: HOLD, Price: 90345.2, RSI: 49.642943888226284, ATR: 54.01130365347434, Lev: 50
2026-01-08 12:15:21,590 INFO AI Action: HOLD, Price: 90339.5, RSI: 49.09021532210253, ATR: 51.0005638511056, Lev: 50
2026-01-08 12:16:22,653 INFO AI Action: HOLD, Price: 90300.3, RSI: 45.21694160000287, ATR: 50.17868430909024, Lev: 50
2026-01-08 12:17:23,775 INFO AI Action: HOLD, Price: 90283.7, RSI: 43.695035580173524, ATR: 48.85466945661197, Lev: 50
2026-01-08 12:18:24,859 INFO AI Action: HOLD, Price: 90299.4, RSI: 45.572354040273986, ATR: 50.405764797235705, Lev: 50
2026-01-08 12:19:25,962 INFO AI Action: HOLD, Price: 90251.4, RSI: 40.99883335248721, ATR: 50.25153674582834, Lev: 50
2026-01-08 12:20:27,066 INFO AI Action: HOLD, Price: 90205.0, RSI: 37.118039678962816, ATR: 51.56940226640917, Lev: 50
2026-01-08 12:21:28,129 INFO AI Action: SELL, Price: 90111.6, RSI: 30.81664401897214, ATR: 54.586278602636405, Lev: 50
2026-01-08 12:22:29,260 INFO AI Action: HOLD, Price: 90244.2, RSI: 45.10912923079332, ATR: 60.57911254806008, Lev: 50
2026-01-08 12:23:30,339 INFO AI Action: HOLD, Price: 90108.7, RSI: 36.75730054627721, ATR: 66.55291916996435, Lev: 50
2026-01-08 12:24:31,436 INFO AI Action: HOLD, Price: 90110.6, RSI: 36.92526662028753, ATR: 63.83610623003187, Lev: 50
2026-01-08 12:25:32,547 INFO AI Action: HOLD, Price: 90062.9, RSI: 34.33863787656028, ATR: 62.8929260830544, Lev: 50
2026-01-08 12:26:33,653 INFO AI Action: SELL, Price: 90115.9, RSI: 39.41466025475417, ATR: 62.8101896891185, Lev: 50
2026-01-08 12:27:34,783 INFO AI Action: HOLD, Price: 90090.0, RSI: 37.89520545460195, ATR: 61.06572799831063, Lev: 50
2026-01-08 12:28:35,911 INFO AI Action: HOLD, Price: 90073.3, RSI: 36.887129400755576, ATR: 58.37042732243569, Lev: 50
2026-01-08 12:55:09,174 INFO AI Action: HOLD, Price: 90129.0, RSI: 58.37468543882342, ATR: 68.89349869511484, Lev: 50
2026-01-08 12:56:39,612 INFO Risk exit: Time Limit, PnL: 164.60
2026-01-08 12:56:44,614 INFO AI Action: HOLD, Price: 90193.8, RSI: 63.70715549879145, ATR: 68.60263994453624, Lev: 50
2026-01-08 12:57:46,792 INFO AI Action: HOLD, Price: 90226.2, RSI: 66.02139148889034, ATR: 68.06405069265602, Lev: 50
2026-01-08 12:58:48,609 INFO AI Action: HOLD, Price: 90213.4, RSI: 64.27677185969475, ATR: 65.83933166728978, Lev: 50
2026-01-08 12:59:50,180 INFO AI Action: HOLD, Price: 90229.5, RSI: 65.42143606900467, ATR: 62.75348406119718, Lev: 50
2026-01-08 13:00:52,005 INFO AI Action: HOLD, Price: 90224.0, RSI: 64.64336689612173, ATR: 58.80171912397234, Lev: 50
2026-01-08 13:01:53,965 INFO AI Action: HOLD, Price: 90224.1, RSI: 64.72727514645021, ATR: 55.9683459725572, Lev: 50
2026-01-08 13:02:55,557 INFO AI Action: HOLD, Price: 90217.3, RSI: 63.57235259040615, ATR: 56.357836520370746, Lev: 50
2026-01-08 13:03:57,148 INFO AI Action: HOLD, Price: 90272.5, RSI: 68.42925902644272, ATR: 56.27675137695756, Lev: 50
2026-01-08 13:04:58,575 INFO AI Action: SELL, Price: 90307.3, RSI: 71.08167902897326, ATR: 57.68862287674801, Lev: 50
2026-01-08 13:05:01,286 INFO Entered SHORT at 90307.3
2026-01-08 13:06:02,812 INFO AI Action: HOLD, Price: 90341.5, RSI: 73.44855645882438, ATR: 54.37314301253356, Lev: 50
2026-01-08 13:07:04,330 INFO AI Action: HOLD, Price: 90351.7, RSI: 74.16764252447666, ATR: 53.90823483742676, Lev: 50
2026-01-08 13:08:05,463 INFO AI Action: HOLD, Price: 90353.2, RSI: 74.30470788462586, ATR: 53.32324063027926, Lev: 50
2026-01-08 13:09:16,769 WARNING No live data received.
2026-01-08 13:09:32,901 WARNING No live data received.
2026-01-08 13:09:40,178 INFO AI Action: SELL, Price: 90318.6, RSI: 67.01116035011405, ATR: 52.02248660994101, Lev: 50
2026-01-08 13:10:41,713 INFO AI Action: HOLD, Price: 90320.0, RSI: 67.1642259513652, ATR: 52.27605631210841, Lev: 50
2026-01-08 13:11:42,896 INFO AI Action: HOLD, Price: 90311.4, RSI: 65.42566051408329, ATR: 50.33659816009167, Lev: 50
2026-01-08 13:12:44,053 INFO AI Action: HOLD, Price: 90389.5, RSI: 72.53595340484019, ATR: 52.81363586399485, Lev: 50
2026-01-08 13:13:45,116 INFO AI Action: HOLD, Price: 90404.6, RSI: 73.30971007750834, ATR: 51.786221055055634, Lev: 50
2026-01-08 13:14:46,177 INFO AI Action: HOLD, Price: 90391.9, RSI: 71.15478689327358, ATR: 49.796027473360645, Lev: 50
2026-01-08 13:15:47,280 INFO AI Action: HOLD, Price: 90405.3, RSI: 72.27708738945435, ATR: 49.06266656245162, Lev: 50
2026-01-08 13:16:48,376 INFO AI Action: HOLD, Price: 90432.9, RSI: 74.41501396619434, ATR: 47.53431357518025, Lev: 50
2026-01-08 13:17:49,566 INFO AI Action: HOLD, Price: 90380.3, RSI: 64.03644548767748, ATR: 47.962117379728014, Lev: 50
2026-01-08 13:18:50,997 INFO AI Action: SELL, Price: 90444.9, RSI: 69.63611588203695, ATR: 52.247833352633315, Lev: 50
2026-01-08 13:19:52,201 INFO AI Action: SELL, Price: 90409.0, RSI: 63.43516179932738, ATR: 51.45748319542605, Lev: 50
2026-01-08 13:20:53,302 INFO AI Action: SELL, Price: 90437.5, RSI: 66.03232269294816, ATR: 50.2867007472973, Lev: 50
2026-01-08 13:21:54,402 INFO AI Action: SELL, Price: 90472.0, RSI: 68.97799879780203, ATR: 49.19446349439795, Lev: 50
2026-01-08 13:22:55,535 INFO AI Action: HOLD, Price: 90478.0, RSI: 69.41704366763791, ATR: 46.544627356821934, Lev: 50
2026-01-08 13:23:56,752 INFO AI Action: SELL, Price: 90485.5, RSI: 69.94222138047071, ATR: 44.575620898494776, Lev: 50
2026-01-08 13:24:58,000 INFO AI Action: SELL, Price: 90445.2, RSI: 62.66911089690185, ATR: 46.42090414243656, Lev: 50
2026-01-08 13:25:59,172 INFO AI Action: HOLD, Price: 90449.8, RSI: 63.00584898168824, ATR: 44.981213083941576, Lev: 50
2026-01-08 13:27:00,288 INFO AI Action: SELL, Price: 90470.0, RSI: 65.24596004864107, ATR: 46.10110214576497, Lev: 50
2026-01-08 13:28:01,559 INFO AI Action: HOLD, Price: 90530.2, RSI: 70.78004827153205, ATR: 46.11973106755465, Lev: 50
2026-01-08 13:29:02,701 INFO AI Action: SELL, Price: 90523.8, RSI: 69.37442048131938, ATR: 43.97189624643184, Lev: 50
2026-01-08 13:30:03,895 INFO AI Action: HOLD, Price: 90506.7, RSI: 65.83317133045904, ATR: 42.19950714480302, Lev: 50
2026-01-08 13:31:05,011 INFO AI Action: HOLD, Price: 90553.2, RSI: 70.1604841714593, ATR: 42.50233352129534, Lev: 50
2026-01-08 13:32:06,106 INFO AI Action: HOLD, Price: 90425.0, RSI: 50.84248992935713, ATR: 48.624339671268984, Lev: 50
2026-01-08 13:33:07,205 INFO AI Action: SELL, Price: 90454.8, RSI: 54.19074311101608, ATR: 48.91319756556317, Lev: 50
2026-01-08 13:34:08,333 INFO AI Action: SELL, Price: 90434.0, RSI: 51.54462576914161, ATR: 48.04794079401611, Lev: 50
2026-01-08 13:35:11,103 INFO Risk exit: Time Limit, PnL: -210.20
2026-01-08 13:35:16,105 INFO AI Action: SELL, Price: 90517.5, RSI: 59.72477165225675, ATR: 50.574499753410684, Lev: 50
2026-01-08 13:35:18,149 INFO Entered SHORT at 90517.5
2026-01-08 13:36:19,354 INFO AI Action: HOLD, Price: 90552.3, RSI: 62.411842480576446, ATR: 53.184233876400846, Lev: 50
2026-01-08 13:37:22,011 INFO AI Action: SELL, Price: 90499.9, RSI: 56.11393542648158, ATR: 54.60941661905458, Lev: 50
2026-01-08 13:38:23,112 INFO AI Action: SELL, Price: 90480.8, RSI: 54.030120023989824, ATR: 52.87533518185685, Lev: 50
2026-01-08 13:39:24,296 INFO AI Action: HOLD, Price: 90487.7, RSI: 54.66667224850499, ATR: 50.10404998030731, Lev: 50
2026-01-08 13:40:25,423 INFO AI Action: SELL, Price: 90500.5, RSI: 55.90353821174142, ATR: 48.58235837907862, Lev: 50
2026-01-08 13:41:26,529 INFO AI Action: HOLD, Price: 90493.4, RSI: 55.03140945378865, ATR: 47.85617389060322, Lev: 50
2026-01-08 13:42:27,647 INFO AI Action: SELL, Price: 90531.9, RSI: 59.020068606842194, ATR: 47.19049839331215, Lev: 50
2026-01-08 14:52:40,840 INFO AI Action: SELL, Price: 90133.4, RSI: 33.54078912244136, ATR: 49.23549652989499, Lev: 50
2026-01-08 14:53:44,191 INFO Risk exit: Time Limit, PnL: 426.90
2026-01-08 14:53:49,193 INFO AI Action: HOLD, Price: 90090.6, RSI: 30.044074169744192, ATR: 51.742561530036056, Lev: 50
2026-01-08 14:54:50,227 INFO AI Action: HOLD, Price: 90016.4, RSI: 25.049074815336642, ATR: 55.060418338402314, Lev: 50
2026-01-08 14:55:51,298 INFO AI Action: SELL, Price: 90072.1, RSI: 33.93454123574996, ATR: 56.28768406310983, Lev: 50
2026-01-08 14:55:53,259 INFO Entered SHORT at 90072.1
2026-01-08 14:56:54,342 INFO AI Action: SELL, Price: 90063.0, RSI: 33.13114884935648, ATR: 55.499665190496515, Lev: 50
2026-01-08 14:57:57,590 INFO AI Action: HOLD, Price: 90036.4, RSI: 31.222030824730677, ATR: 54.87110993142387, Lev: 50
2026-01-08 14:58:59,184 INFO AI Action: HOLD, Price: 90049.0, RSI: 33.26329902342002, ATR: 53.96624068666647, Lev: 50
2026-01-08 15:00:02,664 INFO AI Action: HOLD, Price: 89995.0, RSI: 29.129592555382278, ATR: 50.2158544997753, Lev: 50
2026-01-08 15:01:04,466 INFO AI Action: HOLD, Price: 89959.9, RSI: 26.684236148125333, ATR: 50.77759165706411, Lev: 50
2026-01-08 15:02:07,420 INFO AI Action: SELL, Price: 89960.1, RSI: 26.75663668610364, ATR: 50.01219694265766, Lev: 50
2026-01-08 15:03:10,461 INFO AI Action: SELL, Price: 89996.6, RSI: 33.42485665837304, ATR: 51.41667578182395, Lev: 50
2026-01-08 15:04:13,596 INFO AI Action: SELL, Price: 90053.6, RSI: 42.246821157876624, ATR: 52.247678267475486, Lev: 50
2026-01-08 15:05:16,364 INFO AI Action: SELL, Price: 90066.1, RSI: 43.99409522888416, ATR: 49.60039535894144, Lev: 50
2026-01-08 15:06:17,806 INFO AI Action: HOLD, Price: 90085.6, RSI: 46.66087693449785, ATR: 47.50517988863182, Lev: 50
2026-01-08 15:07:19,336 INFO AI Action: HOLD, Price: 90060.6, RSI: 43.72355114196977, ATR: 45.91446193450422, Lev: 50
2026-01-08 15:08:21,218 INFO AI Action: SELL, Price: 90060.0, RSI: 43.741867684578075, ATR: 44.06850449804972, Lev: 50
2026-01-08 15:09:23,142 INFO AI Action: HOLD, Price: 89963.6, RSI: 34.01682391312377, ATR: 48.067464168571135, Lev: 50
2026-01-08 15:10:24,846 INFO AI Action: HOLD, Price: 89984.0, RSI: 37.2934421499707, ATR: 47.299564479457125, Lev: 50
2026-01-08 15:11:26,794 INFO AI Action: HOLD, Price: 90004.3, RSI: 40.267542137091745, ATR: 45.78664367699546, Lev: 50
2026-01-08 15:12:28,473 INFO AI Action: HOLD, Price: 89952.9, RSI: 35.70750440616751, ATR: 47.031331555937435, Lev: 50
2026-01-08 15:13:30,174 INFO AI Action: SELL, Price: 89987.9, RSI: 40.70249957408418, ATR: 46.171511905176196, Lev: 50
2026-01-08 15:14:31,970 INFO AI Action: HOLD, Price: 90026.7, RSI: 45.70615930728668, ATR: 45.934222488617976, Lev: 50
2026-01-08 15:15:33,812 INFO AI Action: HOLD, Price: 90029.6, RSI: 46.11478064810086, ATR: 43.617929954357955, Lev: 50
2026-01-08 15:16:35,307 INFO AI Action: SELL, Price: 90050.6, RSI: 48.886899195691555, ATR: 43.334760370224956, Lev: 50
2026-01-08 15:17:36,744 INFO AI Action: SELL, Price: 90000.1, RSI: 43.20165217778653, ATR: 43.8834383109267, Lev: 50
2026-01-08 15:18:38,220 INFO AI Action: SELL, Price: 90009.4, RSI: 44.459153720928924, ATR: 43.166482031994754, Lev: 50
2026-01-08 15:19:39,822 INFO AI Action: SELL, Price: 90065.4, RSI: 51.60111670243941, ATR: 45.09184813396329, Lev: 50
2026-01-08 15:20:41,404 INFO AI Action: HOLD, Price: 90090.9, RSI: 54.45972919948375, ATR: 43.756992734382216, Lev: 50
2026-01-08 15:21:43,308 INFO AI Action: HOLD, Price: 90110.1, RSI: 56.4774645897446, ATR: 42.68199865262223, Lev: 50
2026-01-08 15:22:44,940 INFO AI Action: HOLD, Price: 90070.0, RSI: 51.25416233258277, ATR: 43.21134580414969, Lev: 50
2026-01-08 15:23:46,588 INFO AI Action: SELL, Price: 90050.0, RSI: 48.78126717320087, ATR: 41.84679164332683, Lev: 50
2026-01-08 15:24:48,258 INFO AI Action: SELL, Price: 90030.3, RSI: 46.42232006002888, ATR: 41.29524687918209, Lev: 50
2026-01-08 15:25:50,006 INFO AI Action: SELL, Price: 90039.4, RSI: 47.79093129058008, ATR: 39.31665395976383, Lev: 50
2026-01-08 15:26:53,897 INFO Risk exit: Time Limit, PnL: 38.30
2026-01-08 15:26:58,898 INFO AI Action: HOLD, Price: 90033.8, RSI: 46.991071237833935, ATR: 38.30344312818286, Lev: 50
2026-01-08 15:28:00,433 INFO AI Action: SELL, Price: 90020.0, RSI: 45.057044156856506, ATR: 37.78517958548269, Lev: 50
2026-01-08 15:28:03,153 INFO Entered SHORT at 90020.0
2026-01-08 15:29:04,531 INFO AI Action: HOLD, Price: 89955.9, RSI: 39.708017212147254, ATR: 41.86766251054596, Lev: 50
2026-01-08 15:30:06,656 INFO AI Action: SELL, Price: 89979.3, RSI: 43.1011866361051, ATR: 40.54836841719065, Lev: 50
2026-01-08 15:31:08,348 INFO AI Action: HOLD, Price: 89873.3, RSI: 33.86275267226228, ATR: 45.94048988993822, Lev: 50
2026-01-08 15:32:10,176 INFO AI Action: SELL, Price: 89806.8, RSI: 29.646644649406067, ATR: 48.75404571544099, Lev: 50
2026-01-08 15:33:11,849 INFO AI Action: SELL, Price: 89805.5, RSI: 29.504717521435943, ATR: 50.6813324904696, Lev: 50
2026-01-08 15:34:13,491 INFO AI Action: SELL, Price: 89800.4, RSI: 29.139569179303336, ATR: 51.18821190450713, Lev: 50
2026-01-08 15:35:15,254 INFO AI Action: SELL, Price: 89835.2, RSI: 34.52261983625983, ATR: 52.27471850101119, Lev: 50
2026-01-08 15:36:17,048 INFO AI Action: HOLD, Price: 89982.5, RSI: 51.27952660844276, ATR: 60.50989938812293, Lev: 50
2026-01-08 15:37:20,421 INFO AI Action: SELL, Price: 89966.4, RSI: 49.804662001993265, ATR: 60.87054149325594, Lev: 50
2026-01-08 15:38:21,990 INFO AI Action: HOLD, Price: 90009.2, RSI: 53.65946375512664, ATR: 61.227971586657326, Lev: 50
2026-01-08 15:39:23,614 INFO AI Action: HOLD, Price: 89976.7, RSI: 50.36861230640971, ATR: 60.707817481561726, Lev: 50
2026-01-08 15:40:25,350 INFO AI Action: SELL, Price: 89966.6, RSI: 49.42923004830121, ATR: 58.73796345313681, Lev: 50
2026-01-08 15:41:27,171 INFO AI Action: SELL, Price: 89950.1, RSI: 47.75999970451493, ATR: 56.250789025424304, Lev: 50
2026-01-08 15:42:28,879 INFO AI Action: HOLD, Price: 89933.0, RSI: 46.18714432941436, ATR: 54.420334552223025, Lev: 50
2026-01-08 15:43:30,537 INFO AI Action: HOLD, Price: 89914.6, RSI: 44.31555588229064, ATR: 52.047561099612906, Lev: 50
2026-01-08 15:44:32,256 INFO AI Action: HOLD, Price: 89906.1, RSI: 43.435992798399944, ATR: 51.72171138099679, Lev: 50
2026-01-08 15:45:33,718 INFO AI Action: HOLD, Price: 89900.0, RSI: 42.757894782203024, ATR: 50.96423291955189, Lev: 50
2026-01-08 15:46:35,354 INFO AI Action: HOLD, Price: 89922.4, RSI: 45.94930216892493, ATR: 50.92677074325352, Lev: 50
2026-01-08 15:47:36,852 INFO AI Action: SELL, Price: 89900.8, RSI: 43.48055055413723, ATR: 49.406516511635445, Lev: 50
2026-01-08 15:48:38,385 INFO AI Action: HOLD, Price: 89949.2, RSI: 50.009426857824955, ATR: 49.332794973845935, Lev: 50
2026-01-08 17:45:46,944 INFO AI Action: HOLD, Price: 90117.9, RSI: 47.27456600884239, ATR: 45.03284210911674, Lev: 50
2026-01-08 17:46:50,332 INFO Risk exit: Time Limit, PnL: -83.00
2026-01-08 17:46:55,333 INFO AI Action: SELL, Price: 90103.0, RSI: 44.413654335009454, ATR: 17.863239618532493, Lev: 50
2026-01-08 17:46:57,388 INFO Entered SHORT at 90103.0
2026-01-08 17:47:59,253 INFO AI Action: HOLD, Price: 90104.7, RSI: 45.009612520090606, ATR: 16.70860998360561, Lev: 50
2026-01-08 17:49:00,974 INFO AI Action: HOLD, Price: 90102.9, RSI: 44.600807078654384, ATR: 15.636505221206631, Lev: 50
2026-01-08 17:50:02,681 INFO AI Action: HOLD, Price: 90103.7, RSI: 44.73766571630813, ATR: 13.594575917605225, Lev: 50
2026-01-08 17:51:04,364 INFO AI Action: SELL, Price: 90102.9, RSI: 44.54644844135378, ATR: 12.682114134392897, Lev: 50
2026-01-08 17:52:06,102 INFO AI Action: HOLD, Price: 90103.7, RSI: 45.08831415301267, ATR: 11.831946760656985, Lev: 50
2026-01-08 17:53:07,859 INFO AI Action: SELL, Price: 90103.7, RSI: 45.54696912632552, ATR: 11.053752627139753, Lev: 50
2026-01-08 17:54:09,383 INFO AI Action: HOLD, Price: 90103.7, RSI: 45.061434243067154, ATR: 10.32863367043895, Lev: 50
2026-01-08 17:55:10,954 INFO AI Action: SELL, Price: 90102.8, RSI: 44.46173753548399, ATR: 9.64267206794717, Lev: 50
2026-01-08 17:56:14,242 INFO AI Action: SELL, Price: 90103.7, RSI: 45.075997553792426, ATR: 9.017454739493171, Lev: 50
2026-01-08 17:57:15,828 INFO AI Action: SELL, Price: 90102.8, RSI: 44.50242084826567, ATR: 8.440974616891964, Lev: 50
2026-01-08 17:58:17,475 INFO AI Action: HOLD, Price: 90103.7, RSI: 45.30082366582965, ATR: 7.90559850834894, Lev: 50
2026-01-08 17:59:19,269 INFO AI Action: HOLD, Price: 90103.6, RSI: 45.135521394483355, ATR: 7.409135853336468, Lev: 50
2026-01-08 18:00:21,099 INFO AI Action: SELL, Price: 90103.6, RSI: 45.424473407458024, ATR: 6.939327611163182, Lev: 50
2026-01-08 18:01:22,910 INFO AI Action: HOLD, Price: 90103.6, RSI: 45.18926164444428, ATR: 6.505816008286838, Lev: 50
2026-01-08 18:02:24,571 INFO AI Action: HOLD, Price: 90103.6, RSI: 45.29402189950384, ATR: 6.507211536331338, Lev: 50
2026-01-08 18:03:26,408 INFO AI Action: HOLD, Price: 90103.0, RSI: 44.86386306842135, ATR: 5.679392024024716, Lev: 50
2026-01-08 18:04:28,326 INFO AI Action: HOLD, Price: 90103.6, RSI: 45.58450589272461, ATR: 5.341567178180934, Lev: 50
2026-01-08 18:05:29,982 INFO AI Action: HOLD, Price: 90102.7, RSI: 44.05693483341159, ATR: 5.029971857217047, Lev: 50
2026-01-08 18:06:31,773 INFO AI Action: HOLD, Price: 90102.7, RSI: 44.063380154561855, ATR: 4.739910408280357, Lev: 50
2026-01-08 18:07:33,621 INFO AI Action: SELL, Price: 90103.7, RSI: 45.7488812627665, ATR: 4.469275537441729, Lev: 50
2026-01-08 18:08:37,347 INFO AI Action: SELL, Price: 90103.7, RSI: 46.394064357349905, ATR: 4.221134459280491, Lev: 50
2026-01-08 18:09:39,073 INFO AI Action: HOLD, Price: 90104.7, RSI: 46.32583290391504, ATR: 4.071387657681871, Lev: 50
2026-01-08 18:10:42,372 INFO AI Action: SELL, Price: 89821.1, RSI: 5.394340967355592, ATR: 24.030363035663186, Lev: 50
2026-01-08 18:11:43,968 INFO AI Action: SELL, Price: 89882.9, RSI: 21.658119556300015, ATR: 27.561321526480917, Lev: 50
2026-01-08 18:12:45,715 INFO AI Action: HOLD, Price: 89912.9, RSI: 28.157190996637116, ATR: 29.469897528467435, Lev: 50
2026-01-08 18:13:47,457 INFO AI Action: HOLD, Price: 89933.9, RSI: 32.207288245108266, ATR: 29.176536981584707, Lev: 50
2026-01-08 18:14:49,080 INFO AI Action: SELL, Price: 89963.7, RSI: 37.8831131851887, ATR: 29.28275188408168, Lev: 50
2026-01-08 18:15:50,897 INFO AI Action: SELL, Price: 89967.1, RSI: 38.521010616205416, ATR: 29.65247428359341, Lev: 50
2026-01-08 18:16:52,768 INFO AI Action: SELL, Price: 89956.0, RSI: 37.176353930199866, ATR: 30.208321654559523, Lev: 50
2026-01-08 18:17:56,944 INFO Risk exit: Time Limit, PnL: 158.90
2026-01-08 18:18:01,947 INFO AI Action: HOLD, Price: 89944.1, RSI: 35.80364831857758, ATR: 30.241654354554775, Lev: 50
2026-01-08 18:19:03,755 INFO AI Action: SELL, Price: 89976.4, RSI: 42.28796013668514, ATR: 31.45312222967363, Lev: 50
2026-01-08 18:19:06,823 INFO Entered SHORT at 89976.4
2026-01-08 18:20:08,368 INFO AI Action: SELL, Price: 89982.3, RSI: 43.553301869146836, ATR: 29.655405951296803, Lev: 50
2026-01-08 18:21:10,028 INFO AI Action: HOLD, Price: 90042.6, RSI: 53.84578895691627, ATR: 32.66573409763295, Lev: 50
2026-01-08 18:22:11,835 INFO AI Action: SELL, Price: 90008.5, RSI: 48.464043152145656, ATR: 33.33961023351673, Lev: 50
2026-01-08 18:23:13,546 INFO AI Action: SELL, Price: 89950.3, RSI: 40.942615123932114, ATR: 35.12963807397941, Lev: 50
2026-01-08 18:24:15,231 INFO AI Action: HOLD, Price: 89915.5, RSI: 37.222727680478854, ATR: 35.26323535440945, Lev: 50
2026-01-08 18:25:17,089 INFO AI Action: SELL, Price: 89926.0, RSI: 39.022906624419164, ATR: 34.41586140052265, Lev: 50
2026-01-08 18:26:20,755 INFO AI Action: HOLD, Price: 89958.8, RSI: 44.387703617183554, ATR: 34.31472844334246, Lev: 50
2026-01-08 18:27:22,426 INFO AI Action: HOLD, Price: 89955.2, RSI: 43.930857857483645, ATR: 32.642247840247194, Lev: 50
2026-01-08 18:28:24,843 INFO AI Action: SELL, Price: 89977.8, RSI: 47.578458865637785, ATR: 31.967801565943617, Lev: 50
2026-01-08 18:29:26,568 INFO AI Action: SELL, Price: 89962.8, RSI: 45.46437531468546, ATR: 30.76295859694806, Lev: 50
2026-01-08 18:30:28,385 INFO AI Action: SELL, Price: 89953.9, RSI: 44.20936015332643, ATR: 29.971283823988465, Lev: 50
2026-01-08 18:31:30,339 INFO AI Action: SELL, Price: 89948.2, RSI: 43.39001235196141, ATR: 29.244486940858494, Lev: 50
2026-01-08 18:32:32,044 INFO AI Action: HOLD, Price: 89969.6, RSI: 47.310890218725866, ATR: 31.006746464190513, Lev: 50
2026-01-08 18:33:33,710 INFO AI Action: HOLD, Price: 89935.3, RSI: 42.15390693117201, ATR: 31.592192646307975, Lev: 50
2026-01-08 18:34:35,476 INFO AI Action: HOLD, Price: 89953.6, RSI: 45.76295477132045, ATR: 32.34564956216837, Lev: 50
2026-01-08 18:35:37,290 INFO AI Action: HOLD, Price: 89937.4, RSI: 43.15517969256459, ATR: 31.66742251286306, Lev: 50
2026-01-08 18:36:39,389 INFO AI Action: HOLD, Price: 89900.0, RSI: 38.20593446618542, ATR: 32.401790006237306, Lev: 50
2026-01-08 18:37:42,141 INFO AI Action: SELL, Price: 89919.3, RSI: 41.92847083608317, ATR: 31.949042568057983, Lev: 50
2026-01-08 18:38:43,876 INFO AI Action: HOLD, Price: 89926.0, RSI: 43.20426601146805, ATR: 30.328157900829357, Lev: 50
2026-01-08 18:39:45,759 INFO AI Action: SELL, Price: 89932.2, RSI: 44.36317749323762, ATR: 29.08759709386839, Lev: 50
2026-01-08 18:40:47,698 INFO AI Action: HOLD, Price: 89931.3, RSI: 44.2620444715645, ATR: 27.653231241059935, Lev: 50
2026-01-08 18:41:49,381 INFO AI Action: HOLD, Price: 89959.2, RSI: 49.95445879407386, ATR: 27.663383485338006, Lev: 50
2026-01-08 18:42:51,213 INFO AI Action: SELL, Price: 89986.0, RSI: 54.73149694285863, ATR: 28.006143684500096, Lev: 50
2026-01-08 18:43:53,070 INFO AI Action: SELL, Price: 89974.3, RSI: 52.15886247647199, ATR: 27.494078342137556, Lev: 50
2026-01-08 18:44:54,937 INFO AI Action: HOLD, Price: 89984.6, RSI: 54.29010574992484, ATR: 26.268714742228937, Lev: 50
2026-01-08 18:45:56,613 INFO AI Action: SELL, Price: 89942.4, RSI: 46.18047674948841, ATR: 27.402855847986764, Lev: 50
2026-01-08 18:46:58,508 INFO AI Action: SELL, Price: 89977.1, RSI: 52.34938777196462, ATR: 27.96324693952623, Lev: 50
2026-01-08 18:48:00,104 INFO AI Action: SELL, Price: 89908.1, RSI: 41.99157592051267, ATR: 32.37704977045717, Lev: 50
2026-01-08 18:49:01,722 INFO AI Action: SELL, Price: 90024.1, RSI: 57.77952426028675, ATR: 36.619894968853245, Lev: 50
2026-01-08 18:50:06,128 INFO Risk exit: Time Limit, PnL: -14.20
2026-01-08 18:50:11,130 INFO AI Action: HOLD, Price: 89990.6, RSI: 53.01142929735488, ATR: 36.430014367247935, Lev: 50
2026-01-08 18:51:12,762 INFO AI Action: SELL, Price: 90055.4, RSI: 59.674746024869144, ATR: 39.82976525252939, Lev: 50
2026-01-08 18:51:16,221 INFO Entered SHORT at 90055.4
2026-01-08 18:52:18,019 INFO AI Action: SELL, Price: 90027.3, RSI: 55.8791678848531, ATR: 40.31699344868848, Lev: 50
2026-01-08 18:53:19,223 INFO AI Action: HOLD, Price: 90049.8, RSI: 58.29865752272873, ATR: 39.26369333525212, Lev: 50
2026-01-08 18:54:20,892 INFO AI Action: SELL, Price: 90025.6, RSI: 54.925298706568675, ATR: 38.47814359662675, Lev: 50
2026-01-08 18:55:22,471 INFO AI Action: SELL, Price: 90050.2, RSI: 57.655467438954446, ATR: 37.48731926890982, Lev: 50
2026-01-08 18:56:24,037 INFO AI Action: HOLD, Price: 90044.1, RSI: 56.76219501807806, ATR: 36.58424185158654, Lev: 50
2026-01-08 18:57:25,655 INFO AI Action: SELL, Price: 90039.1, RSI: 56.03464897299725, ATR: 35.34391209391899, Lev: 50
2026-01-08 18:58:27,214 INFO AI Action: SELL, Price: 90047.6, RSI: 57.1160803501606, ATR: 34.49867037702815, Lev: 50
2026-01-08 18:59:28,910 INFO AI Action: SELL, Price: 90021.3, RSI: 52.92841500576318, ATR: 35.82041520951666, Lev: 50
2026-01-08 19:00:31,748 INFO AI Action: HOLD, Price: 90038.0, RSI: 54.99906534792413, ATR: 34.884461409643045, Lev: 50
2026-01-08 19:01:33,457 INFO AI Action: SELL, Price: 90055.7, RSI: 57.41287637692608, ATR: 34.8089734125614, Lev: 50
2026-01-08 19:02:35,472 INFO AI Action: HOLD, Price: 90046.4, RSI: 55.75074200607397, ATR: 35.41815865320108, Lev: 50
2026-01-08 19:03:37,219 INFO AI Action: HOLD, Price: 89927.9, RSI: 40.146300894184165, ATR: 41.561414978107564, Lev: 50
2026-01-08 19:04:39,237 INFO AI Action: SELL, Price: 89910.0, RSI: 38.38327748000057, ATR: 40.62050845746328, Lev: 50
2026-01-08 19:05:40,952 INFO AI Action: SELL, Price: 89904.5, RSI: 37.800797437884405, ATR: 40.87635614142392, Lev: 50
2026-01-08 19:06:42,806 INFO AI Action: SELL, Price: 89873.4, RSI: 34.87362799282023, ATR: 40.57317220854739, Lev: 50
2026-01-08 19:07:44,713 INFO AI Action: SELL, Price: 89894.0, RSI: 38.326784553909036, ATR: 39.93688282843671, Lev: 50
2026-01-08 19:08:46,755 INFO AI Action: SELL, Price: 89859.2, RSI: 34.879566690715684, ATR: 40.53161726399063, Lev: 50
2026-01-08 19:09:48,534 INFO AI Action: SELL, Price: 89918.1, RSI: 44.009653774791346, ATR: 41.84532489074799, Lev: 50
2026-01-08 19:10:50,622 INFO AI Action: SELL, Price: 89964.4, RSI: 49.89671731381695, ATR: 42.77816619020782, Lev: 50
2026-01-08 19:11:52,845 INFO AI Action: SELL, Price: 89905.0, RSI: 43.57113785921297, ATR: 43.962124464550136, Lev: 50
2026-01-08 19:12:55,081 INFO AI Action: SELL, Price: 89967.4, RSI: 50.690339540961375, ATR: 45.2718074445718, Lev: 50
2026-01-08 19:13:57,486 INFO AI Action: SELL, Price: 90004.4, RSI: 54.366558057840415, ATR: 44.71509088135444, Lev: 50
2026-01-08 19:14:59,332 INFO AI Action: HOLD, Price: 89990.9, RSI: 52.820485106217376, ATR: 43.60701637922805, Lev: 50
2026-01-08 19:16:01,421 INFO AI Action: SELL, Price: 89991.0, RSI: 52.82993275599481, ATR: 40.535186029917526, Lev: 50
2026-01-08 19:17:03,297 INFO AI Action: SELL, Price: 90018.7, RSI: 55.598234211437216, ATR: 39.15792964484815, Lev: 50
2026-01-08 19:18:05,106 INFO AI Action: HOLD, Price: 89990.7, RSI: 51.8550505932193, ATR: 38.36807940268032, Lev: 50
2026-01-08 19:19:07,054 INFO AI Action: SELL, Price: 89905.0, RSI: 42.437510001941064, ATR: 41.763201585627115, Lev: 50
2026-01-08 19:20:08,857 INFO AI Action: SELL, Price: 89907.9, RSI: 42.81463841814966, ATR: 39.83009606720264, Lev: 50
2026-01-08 19:21:10,504 INFO AI Action: SELL, Price: 89877.3, RSI: 39.839566176555834, ATR: 39.77077911178848, Lev: 50
2026-01-08 19:22:14,955 INFO Risk exit: Time Limit, PnL: 167.10
2026-01-08 19:22:19,958 INFO AI Action: HOLD, Price: 89888.3, RSI: 41.41812906829598, ATR: 38.62283725059883, Lev: 50
2026-01-08 19:23:21,690 INFO AI Action: HOLD, Price: 89870.2, RSI: 39.57642925091271, ATR: 37.442600834045976, Lev: 50
2026-01-08 19:24:23,471 INFO AI Action: HOLD, Price: 89864.9, RSI: 39.03458333778312, ATR: 37.51805152003877, Lev: 50
2026-01-08 19:25:25,105 INFO AI Action: HOLD, Price: 89891.3, RSI: 43.23242133426713, ATR: 37.65953394145855, Lev: 50
2026-01-08 19:26:26,713 INFO AI Action: HOLD, Price: 89918.4, RSI: 47.25508031589671, ATR: 36.90518775097034, Lev: 50
2026-01-08 19:27:28,243 INFO AI Action: SELL, Price: 89900.5, RSI: 44.987987125640736, ATR: 36.454701865029875, Lev: 50
2026-01-08 19:27:31,387 INFO Entered SHORT at 89900.5
2026-01-08 19:28:33,122 INFO AI Action: SELL, Price: 89955.6, RSI: 52.532321601766675, ATR: 38.85793650843862, Lev: 50
2026-01-08 19:29:34,955 INFO AI Action: SELL, Price: 89925.5, RSI: 48.61198151351138, ATR: 38.46808390069258, Lev: 50
2026-01-08 19:30:36,689 INFO AI Action: HOLD, Price: 89930.7, RSI: 49.31498511881493, ATR: 37.170364559732874, Lev: 50
2026-01-08 19:31:38,867 INFO AI Action: HOLD, Price: 89878.9, RSI: 42.99544191453477, ATR: 38.22962704702059, Lev: 50
2026-01-08 19:32:40,620 INFO AI Action: SELL, Price: 89848.0, RSI: 39.72429146515686, ATR: 37.756073818999326, Lev: 50
2026-01-08 19:33:42,256 INFO AI Action: HOLD, Price: 89855.7, RSI: 40.93228322902204, ATR: 36.06634675921197, Lev: 50
2026-01-08 19:34:43,971 INFO AI Action: SELL, Price: 89809.1, RSI: 36.20923684150562, ATR: 38.2830297127847, Lev: 50
2026-01-08 19:35:45,674 INFO AI Action: SELL, Price: 89750.0, RSI: 31.28371691484155, ATR: 39.89138942160517, Lev: 50
2026-01-08 19:36:47,364 INFO AI Action: HOLD, Price: 89782.2, RSI: 36.36349460396117, ATR: 43.56608849023406, Lev: 50
2026-01-08 19:37:48,519 INFO AI Action: HOLD, Price: 89824.9, RSI: 42.44178745350809, ATR: 48.68611952571984, Lev: 50
2026-01-08 19:38:49,720 INFO AI Action: SELL, Price: 89821.8, RSI: 42.127193319957094, ATR: 47.80524580076294, Lev: 50
2026-01-08 19:39:50,799 INFO AI Action: HOLD, Price: 89779.9, RSI: 38.02459870554511, ATR: 48.66609372076141, Lev: 50
2026-01-08 19:40:51,970 INFO AI Action: HOLD, Price: 89812.0, RSI: 42.63470935405114, ATR: 49.14945522520485, Lev: 50
2026-01-08 19:41:53,257 INFO AI Action: HOLD, Price: 89863.3, RSI: 49.14410589107699, ATR: 49.303065566261864, Lev: 50
2026-01-08 19:42:54,400 INFO AI Action: HOLD, Price: 89780.0, RSI: 41.00571594918732, ATR: 51.73643451204049, Lev: 50
2026-01-08 19:43:56,115 INFO AI Action: HOLD, Price: 89787.8, RSI: 41.97531471971889, ATR: 51.14627081323397, Lev: 50
2026-01-08 19:44:57,651 INFO AI Action: SELL, Price: 89828.2, RSI: 46.84562132120529, ATR: 50.384289128822715, Lev: 50
2026-01-08 19:45:59,578 INFO AI Action: SELL, Price: 89825.3, RSI: 46.54252910660403, ATR: 48.94140580053065, Lev: 50
2026-01-08 19:47:01,187 INFO AI Action: SELL, Price: 89791.6, RSI: 42.85448081932179, ATR: 46.182637424876965, Lev: 50
2026-01-08 19:48:02,647 INFO AI Action: HOLD, Price: 89808.1, RSI: 45.26909890514474, ATR: 46.63990540565387, Lev: 50
2026-01-08 19:49:04,416 INFO AI Action: HOLD, Price: 89819.0, RSI: 46.756453797789774, ATR: 44.664717815568615, Lev: 50
2026-01-08 19:50:05,894 INFO AI Action: HOLD, Price: 89773.7, RSI: 41.54062406092274, ATR: 44.705239905919086, Lev: 50
2026-01-08 19:51:07,751 INFO AI Action: HOLD, Price: 89784.1, RSI: 43.1189571657047, ATR: 44.28786069580715, Lev: 50
2026-01-08 19:52:09,366 INFO AI Action: SELL, Price: 89705.6, RSI: 35.37327420787704, ATR: 46.776947504808405, Lev: 50
2026-01-08 19:53:10,849 INFO AI Action: SELL, Price: 89706.6, RSI: 35.516716832190184, ATR: 45.900177397097536, Lev: 50
2026-01-08 19:54:12,384 INFO AI Action: SELL, Price: 89756.5, RSI: 43.010524559173994, ATR: 46.18629908370776, Lev: 50
2026-01-08 19:55:13,905 INFO AI Action: SELL, Price: 89709.9, RSI: 38.56698271037124, ATR: 46.21456830426335, Lev: 50
2026-01-08 19:56:15,587 INFO AI Action: HOLD, Price: 89674.9, RSI: 35.50682295655837, ATR: 46.55724656439648, Lev: 50
2026-01-08 19:57:17,367 INFO AI Action: HOLD, Price: 89562.6, RSI: 27.97340299479447, ATR: 62.8668637638841, Lev: 50
2026-01-08 19:58:21,101 INFO Risk exit: Time Limit, PnL: 363.70
2026-01-08 19:58:26,103 INFO AI Action: HOLD, Price: 89536.8, RSI: 26.652469740198672, ATR: 63.09585735759842, Lev: 50
2026-01-08 19:59:29,384 INFO AI Action: HOLD, Price: 89526.1, RSI: 25.964674291069322, ATR: 64.29313236113728, Lev: 50
2026-01-08 20:00:31,139 INFO AI Action: HOLD, Price: 89600.6, RSI: 36.35162737311093, ATR: 68.65307310339844, Lev: 50
2026-01-08 20:01:32,994 INFO AI Action: HOLD, Price: 89514.9, RSI: 30.976287018817622, ATR: 73.18295797819262, Lev: 50
2026-01-08 20:02:34,909 INFO AI Action: HOLD, Price: 89511.2, RSI: 30.79687918471135, ATR: 81.04552235024931, Lev: 50
2026-01-08 20:03:36,629 INFO AI Action: HOLD, Price: 89588.5, RSI: 40.06021937634699, ATR: 86.36266883581806, Lev: 50
2026-01-08 20:04:39,530 INFO AI Action: HOLD, Price: 89716.4, RSI: 51.551035888944575, ATR: 92.41972992036611, Lev: 50
2026-01-08 20:05:42,141 INFO AI Action: HOLD, Price: 89779.5, RSI: 56.05784855180344, ATR: 93.98475266060173, Lev: 50
2026-01-08 20:06:43,632 INFO AI Action: HOLD, Price: 89756.4, RSI: 54.054880615533456, ATR: 95.41622380819058, Lev: 50
2026-01-08 20:07:45,186 INFO AI Action: HOLD, Price: 89777.0, RSI: 55.5642271174804, ATR: 97.48684890968674, Lev: 50
2026-01-08 20:08:46,755 INFO AI Action: HOLD, Price: 89653.3, RSI: 45.85785037705645, ATR: 102.71728704855781, Lev: 50
2026-01-08 20:09:48,455 INFO AI Action: HOLD, Price: 89638.9, RSI: 44.89582707758169, ATR: 104.83184198186672, Lev: 50
2026-01-08 20:10:50,018 INFO AI Action: HOLD, Price: 89523.4, RSI: 37.84817373820477, ATR: 109.53756462088407, Lev: 50
2026-01-08 20:11:51,130 INFO AI Action: HOLD, Price: 89740.9, RSI: 52.82690561292456, ATR: 117.24575499966932, Lev: 50
2026-01-08 20:12:01,931 INFO KeyboardInterrupt: Bot stopped by user.
2026-01-08 20:37:40,049 INFO Bot initialized. Model loaded from models\best_model.zip
2026-01-08 20:37:43,506 INFO AI Action: HOLD, Price: 90135.6, RSI: 63.53980574126974, ATR: 134.40639015045141, Lev: 50
2026-01-08 20:38:45,415 INFO AI Action: HOLD, Price: 90174.9, RSI: 64.94833943547944, ATR: 140.13410569612918, Lev: 50
2026-01-08 20:39:47,213 INFO AI Action: HOLD, Price: 90229.5, RSI: 66.85132040715821, ATR: 138.60651779598777, Lev: 50
2026-01-08 20:40:49,175 INFO AI Action: HOLD, Price: 90280.9, RSI: 68.51600511226223, ATR: 135.94378905957177, Lev: 50
2026-01-08 20:41:51,152 INFO AI Action: HOLD, Price: 90293.7, RSI: 69.0263557334784, ATR: 133.676838759839, Lev: 50
2026-01-08 20:42:53,500 INFO AI Action: SELL, Price: 90340.2, RSI: 70.63109584925695, ATR: 130.76150952504224, Lev: 50
2026-01-08 20:42:59,437 INFO Entered SHORT at 90340.2
2026-01-08 20:44:01,472 INFO AI Action: SELL, Price: 90237.4, RSI: 62.423800262815995, ATR: 126.52574908879006, Lev: 50
2026-01-08 20:45:03,355 INFO AI Action: HOLD, Price: 90271.2, RSI: 63.91018552462524, ATR: 122.08894490752054, Lev: 50
2026-01-08 20:46:05,480 INFO AI Action: HOLD, Price: 90291.0, RSI: 64.84410301761017, ATR: 122.1760845768401, Lev: 50
2026-01-08 20:47:07,479 INFO AI Action: SELL, Price: 90450.0, RSI: 70.9696544489496, ATR: 128.23456155176464, Lev: 50
2026-01-08 20:48:09,498 INFO AI Action: SELL, Price: 90329.8, RSI: 62.09176236255089, ATR: 128.3421122263374, Lev: 50
2026-01-08 20:49:11,267 INFO AI Action: HOLD, Price: 90400.0, RSI: 64.90176941171006, ATR: 128.78435495732248, Lev: 50
2026-01-08 20:50:13,225 INFO AI Action: HOLD, Price: 90361.5, RSI: 62.22649324393073, ATR: 125.79155294762664, Lev: 50
2026-01-08 20:51:15,041 INFO AI Action: HOLD, Price: 90397.9, RSI: 63.71903703026088, ATR: 123.10437354268122, Lev: 50
2026-01-08 20:52:16,926 INFO AI Action: HOLD, Price: 90371.2, RSI: 61.76949504882784, ATR: 125.99619066471499, Lev: 50
2026-01-08 20:53:18,686 INFO AI Action: HOLD, Price: 90307.3, RSI: 57.249988179656064, ATR: 123.01818857005094, Lev: 50
2026-01-08 20:54:20,398 INFO AI Action: SELL, Price: 90396.2, RSI: 61.46713111271903, ATR: 121.76418166575269, Lev: 50
2026-01-08 20:55:21,954 INFO AI Action: HOLD, Price: 90433.3, RSI: 63.094856214793424, ATR: 122.08737167779745, Lev: 50
2026-01-08 20:56:25,255 INFO Risk exit: Trailing Stop ($90462.99), PnL: -132.60
2026-01-08 20:56:30,258 INFO AI Action: SELL, Price: 90472.8, RSI: 64.77150727130619, ATR: 122.37614366911116, Lev: 50
2026-01-08 20:56:34,431 INFO Entered SHORT at 90472.8
2026-01-08 20:57:36,044 INFO AI Action: HOLD, Price: 90430.3, RSI: 61.518753435554736, ATR: 119.39335424162294, Lev: 50
2026-01-08 20:58:39,139 INFO AI Action: SELL, Price: 90498.8, RSI: 64.63805759675795, ATR: 118.18037749845531, Lev: 50
2026-01-08 20:59:41,031 INFO AI Action: SELL, Price: 90509.0, RSI: 65.12474285715065, ATR: 117.85556026852821, Lev: 50
2026-01-08 21:00:42,892 INFO AI Action: HOLD, Price: 90532.8, RSI: 66.20182138902064, ATR: 114.84410282387556, Lev: 50
2026-01-08 21:01:44,679 INFO AI Action: HOLD, Price: 90430.7, RSI: 57.808708958437194, ATR: 114.22139093374676, Lev: 50
2026-01-08 21:02:46,347 INFO AI Action: HOLD, Price: 90495.4, RSI: 61.18854512270398, ATR: 112.77256066053747, Lev: 50
2026-01-08 21:03:48,383 INFO AI Action: SELL, Price: 90506.9, RSI: 61.77209535969313, ATR: 114.06752121834343, Lev: 50
2026-01-08 21:04:50,469 INFO AI Action: SELL, Price: 90492.5, RSI: 60.51609632571219, ATR: 111.6508064083638, Lev: 50
2026-01-08 21:05:52,323 INFO AI Action: SELL, Price: 90427.4, RSI: 55.22582867520995, ATR: 108.75035980055009, Lev: 50
2026-01-08 21:06:54,189 INFO AI Action: HOLD, Price: 90369.9, RSI: 50.89817586813063, ATR: 109.94252187551923, Lev: 50
2026-01-08 21:07:55,963 INFO AI Action: HOLD, Price: 90309.4, RSI: 46.81746855441258, ATR: 112.17310977575424, Lev: 50
2026-01-08 21:08:57,668 INFO AI Action: SELL, Price: 90381.9, RSI: 51.79257905765915, ATR: 109.42777785271925, Lev: 50
2026-01-08 21:09:59,350 INFO AI Action: HOLD, Price: 90309.9, RSI: 47.06469606986971, ATR: 110.38050452913026, Lev: 50
2026-01-08 21:11:01,160 INFO AI Action: HOLD, Price: 90364.2, RSI: 50.75251006150243, ATR: 108.61121018116827, Lev: 50
2026-01-08 21:12:05,752 INFO Risk exit: Trailing Stop ($90535.17), PnL: -136.60
2026-01-08 21:12:10,755 INFO AI Action: SELL, Price: 90609.4, RSI: 63.637217701122516, ATR: 113.05017914424826, Lev: 50
2026-01-08 21:12:14,206 INFO Entered SHORT at 90609.4
2026-01-08 21:13:16,204 INFO AI Action: SELL, Price: 90523.1, RSI: 57.83387789647004, ATR: 115.32971938575554, Lev: 50
2026-01-08 21:14:18,007 INFO AI Action: SELL, Price: 90483.4, RSI: 55.3177653030982, ATR: 110.41373936926796, Lev: 50
2026-01-08 21:15:19,995 INFO AI Action: HOLD, Price: 90445.5, RSI: 52.92097516116178, ATR: 105.25767305027202, Lev: 50
2026-01-08 21:16:21,896 INFO AI Action: SELL, Price: 90415.4, RSI: 51.024659176556966, ATR: 102.4087786429484, Lev: 50
2026-01-08 21:17:23,766 INFO AI Action: HOLD, Price: 90314.2, RSI: 45.27003980593729, ATR: 103.33094634049442, Lev: 50
2026-01-08 21:18:25,497 INFO AI Action: SELL, Price: 90332.3, RSI: 46.4536888555483, ATR: 99.45561202512675, Lev: 50
2026-01-08 21:19:27,277 INFO AI Action: SELL, Price: 90307.0, RSI: 44.92411844528722, ATR: 100.34284003352953, Lev: 50
2026-01-08 21:20:28,973 INFO AI Action: HOLD, Price: 90342.3, RSI: 47.44498060141772, ATR: 97.28193111527621, Lev: 50
2026-01-08 21:21:30,812 INFO AI Action: SELL, Price: 90442.2, RSI: 53.779741612182406, ATR: 98.24920063573053, Lev: 50
2026-01-08 21:22:32,693 INFO AI Action: SELL, Price: 90485.8, RSI: 56.227117875598, ATR: 95.32245929942513, Lev: 50
2026-01-08 21:23:34,734 INFO AI Action: SELL, Price: 90428.5, RSI: 52.270053529755735, ATR: 96.30333466327451, Lev: 50
2026-01-08 21:24:36,561 INFO AI Action: HOLD, Price: 90393.4, RSI: 49.93582897481788, ATR: 92.88600177064727, Lev: 50
2026-01-08 21:25:38,425 INFO AI Action: HOLD, Price: 90369.0, RSI: 48.36084832182645, ATR: 89.95597003737636, Lev: 50
2026-01-08 21:26:40,460 INFO AI Action: SELL, Price: 90428.0, RSI: 52.34499178414055, ATR: 89.01456378264238, Lev: 50
2026-01-08 21:27:42,371 INFO AI Action: HOLD, Price: 90430.7, RSI: 52.48575358194008, ATR: 86.66690284261436, Lev: 50
2026-01-08 21:28:46,886 INFO Risk exit: Trailing Stop ($90532.77), PnL: 39.80
2026-01-08 21:28:51,888 INFO AI Action: HOLD, Price: 90569.6, RSI: 60.76931265750011, ATR: 91.16728120351452, Lev: 50
2026-01-08 21:29:53,864 INFO AI Action: SELL, Price: 90698.7, RSI: 66.51421083360749, ATR: 93.90140986094933, Lev: 50
2026-01-08 21:29:57,600 INFO Entered SHORT at 90698.7
2026-01-08 21:30:59,532 INFO AI Action: HOLD, Price: 90758.3, RSI: 68.86952179885613, ATR: 94.44446753280423, Lev: 50
2026-01-08 21:32:01,418 INFO AI Action: HOLD, Price: 90770.5, RSI: 69.3510047064697, ATR: 96.31830268534571, Lev: 50
2026-01-08 21:33:03,300 INFO AI Action: HOLD, Price: 90706.0, RSI: 61.16488070686253, ATR: 100.76334809564844, Lev: 50
2026-01-08 21:34:05,286 INFO AI Action: SELL, Price: 90668.1, RSI: 58.48877397257723, ATR: 100.47678763414969, Lev: 50
2026-01-08 21:35:06,966 INFO AI Action: SELL, Price: 90613.0, RSI: 54.86127333917056, ATR: 100.8244442115891, Lev: 50
2026-01-08 21:36:08,700 INFO AI Action: HOLD, Price: 90691.4, RSI: 58.8444634775498, ATR: 100.21340104371284, Lev: 50
2026-01-08 21:37:10,460 INFO AI Action: HOLD, Price: 90742.8, RSI: 61.2925743943587, ATR: 100.69354812135177, Lev: 50
2026-01-08 21:38:12,263 INFO AI Action: SELL, Price: 90697.8, RSI: 57.99728446535129, ATR: 99.0744418996147, Lev: 50
2026-01-08 21:39:14,013 INFO AI Action: SELL, Price: 90640.9, RSI: 54.19584887433276, ATR: 97.1589374229143, Lev: 50
2026-01-08 21:40:16,000 INFO AI Action: SELL, Price: 90674.1, RSI: 56.07540704555542, ATR: 93.8583357264311, Lev: 50
2026-01-08 21:41:17,864 INFO AI Action: SELL, Price: 90605.8, RSI: 51.53231847145597, ATR: 93.589914810838, Lev: 50
2026-01-08 21:42:19,615 INFO AI Action: SELL, Price: 90600.2, RSI: 51.1245428320062, ATR: 95.10174809521072, Lev: 50
2026-01-08 21:43:21,340 INFO AI Action: HOLD, Price: 90716.6, RSI: 57.82055918429192, ATR: 96.64433128602975, Lev: 50
2026-01-08 21:44:23,378 INFO AI Action: HOLD, Price: 90719.5, RSI: 58.003719309742266, ATR: 92.44128127973813, Lev: 50
2026-01-08 21:45:25,141 INFO AI Action: SELL, Price: 90646.9, RSI: 52.66439993625079, ATR: 91.0314403594162, Lev: 50
2026-01-08 21:46:26,974 INFO AI Action: HOLD, Price: 90495.3, RSI: 43.82287402389681, ATR: 95.36410088558773, Lev: 50
2026-01-08 21:47:28,812 INFO AI Action: SELL, Price: 90561.0, RSI: 47.87880761348104, ATR: 94.33895257692907, Lev: 50
2026-01-08 21:48:30,670 INFO AI Action: SELL, Price: 90606.6, RSI: 50.762474490047616, ATR: 91.6493413295685, Lev: 50
2026-01-08 21:49:32,328 INFO AI Action: SELL, Price: 90510.7, RSI: 45.27914681877086, ATR: 91.95526176372644, Lev: 50
2026-01-08 21:50:33,963 INFO AI Action: HOLD, Price: 90472.3, RSI: 43.25943816318502, ATR: 93.60432508010753, Lev: 50
2026-01-08 21:51:35,667 INFO AI Action: HOLD, Price: 90485.2, RSI: 44.14972616028748, ATR: 90.68192277275278, Lev: 50
2026-01-08 21:52:37,798 INFO AI Action: HOLD, Price: 90510.5, RSI: 46.04324437519794, ATR: 89.40151547534172, Lev: 50
2026-01-08 21:53:39,552 INFO AI Action: HOLD, Price: 90419.9, RSI: 40.99017576595453, ATR: 90.90942679725916, Lev: 50
2026-01-08 21:54:41,363 INFO AI Action: HOLD, Price: 90488.1, RSI: 45.98748521747864, ATR: 90.88086558087842, Lev: 50
2026-01-08 21:55:43,162 INFO AI Action: SELL, Price: 90513.3, RSI: 47.503781551836134, ATR: 88.32851474350605, Lev: 50
2026-01-08 21:56:44,897 INFO AI Action: HOLD, Price: 90513.9, RSI: 47.526032005048684, ATR: 87.0566827710537, Lev: 50
2026-01-08 21:57:46,657 INFO AI Action: HOLD, Price: 90547.2, RSI: 49.91564844173789, ATR: 87.03095038647928, Lev: 50
2026-01-08 21:58:48,477 INFO AI Action: HOLD, Price: 90478.0, RSI: 45.318362517119176, ATR: 86.12282606098579, Lev: 50
2026-01-08 21:59:50,268 INFO AI Action: SELL, Price: 90548.6, RSI: 50.238772519419285, ATR: 85.01219432685983, Lev: 50
2026-01-08 22:00:54,962 INFO Risk exit: Time Limit, PnL: 75.70
2026-01-08 22:00:59,965 INFO AI Action: HOLD, Price: 90623.0, RSI: 55.14684690076869, ATR: 84.88200806560876, Lev: 50
2026-01-08 22:02:01,962 INFO AI Action: HOLD, Price: 90454.0, RSI: 44.49083631185762, ATR: 87.54903144577955, Lev: 50
2026-01-08 22:03:03,940 INFO AI Action: SELL, Price: 90390.3, RSI: 41.11926572602494, ATR: 87.59598102249085, Lev: 50
2026-01-08 22:03:08,100 INFO Entered SHORT at 90390.3
2026-01-08 22:04:10,290 INFO AI Action: HOLD, Price: 90492.5, RSI: 47.92442192290509, ATR: 89.69960873419436, Lev: 50
2026-01-08 22:05:12,046 INFO AI Action: SELL, Price: 90454.3, RSI: 45.83875777299068, ATR: 89.34445822435518, Lev: 50
2026-01-08 22:06:14,244 INFO AI Action: HOLD, Price: 90373.5, RSI: 41.61966164089724, ATR: 89.67513778507633, Lev: 50
2026-01-08 22:07:15,996 INFO AI Action: SELL, Price: 90281.0, RSI: 37.35642366526894, ATR: 92.07914060239092, Lev: 50
2026-01-08 22:08:17,892 INFO AI Action: SELL, Price: 90360.0, RSI: 42.67108706603119, ATR: 92.58598460354075, Lev: 50
2026-01-08 22:09:19,705 INFO AI Action: HOLD, Price: 90424.9, RSI: 46.784747241838986, ATR: 94.42783930881599, Lev: 50
2026-01-08 22:10:21,715 INFO AI Action: HOLD, Price: 90408.7, RSI: 45.864888311769896, ATR: 94.24154393016975, Lev: 50
2026-01-08 22:11:23,696 INFO AI Action: HOLD, Price: 90420.5, RSI: 46.66415000561835, ATR: 89.589326635367, Lev: 50
2026-01-08 22:12:28,026 INFO Risk exit: Trailing Stop ($90506.70), PnL: -138.70
2026-01-08 22:12:33,028 INFO AI Action: SELL, Price: 90529.0, RSI: 53.3185940774304, ATR: 93.84782260211308, Lev: 50
2026-01-08 22:12:36,199 INFO Entered SHORT at 90529.0
2026-01-08 22:13:37,924 INFO AI Action: SELL, Price: 90683.2, RSI: 60.913767047226294, ATR: 98.18716094628999, Lev: 50
2026-01-08 22:14:39,952 INFO AI Action: SELL, Price: 90686.2, RSI: 60.95429111777796, ATR: 94.61017257645523, Lev: 50
2026-01-08 22:15:41,568 INFO AI Action: SELL, Price: 90669.2, RSI: 59.730273812626784, ATR: 91.08555460634145, Lev: 50
2026-01-08 22:16:46,109 INFO Risk exit: Trailing Stop ($90755.32), PnL: -226.80
2026-01-08 22:16:51,111 INFO AI Action: SELL, Price: 90755.8, RSI: 63.72111109360066, ATR: 91.29160922584857, Lev: 50
2026-01-08 22:16:54,135 INFO Entered SHORT at 90755.8
2026-01-08 22:17:55,843 INFO AI Action: SELL, Price: 90697.6, RSI: 59.46197449861807, ATR: 90.40109217207979, Lev: 50
2026-01-08 22:18:57,554 INFO AI Action: HOLD, Price: 90767.7, RSI: 62.67919756720815, ATR: 88.99343716561306, Lev: 50
2026-01-08 22:19:59,424 INFO AI Action: HOLD, Price: 90797.9, RSI: 64.02559223896826, ATR: 85.14543338922839, Lev: 50
2026-01-08 22:21:01,306 INFO AI Action: SELL, Price: 90768.0, RSI: 61.55432596270687, ATR: 83.74333647863195, Lev: 50
2026-01-08 22:22:03,094 INFO AI Action: HOLD, Price: 90710.3, RSI: 56.9226478411639, ATR: 83.02222827640693, Lev: 50
2026-01-08 22:23:05,045 INFO AI Action: HOLD, Price: 90710.4, RSI: 56.920367585890915, ATR: 81.5730784609183, Lev: 50
2026-01-08 22:24:06,922 INFO AI Action: SELL, Price: 90672.8, RSI: 53.92989065558558, ATR: 80.32551269740608, Lev: 50
2026-01-08 22:25:08,770 INFO AI Action: SELL, Price: 90650.0, RSI: 51.88834323627819, ATR: 76.21604116780695, Lev: 50
2026-01-08 22:26:10,546 INFO AI Action: SELL, Price: 90697.0, RSI: 55.41773024580196, ATR: 74.96724090951464, Lev: 50
2026-01-08 22:27:12,249 INFO AI Action: HOLD, Price: 90715.2, RSI: 56.60916738359824, ATR: 71.99322111404352, Lev: 50
2026-01-08 22:28:13,895 INFO AI Action: SELL, Price: 90695.7, RSI: 54.86456216946129, ATR: 70.69915288628074, Lev: 50
2026-01-08 22:29:15,579 INFO AI Action: SELL, Price: 90758.8, RSI: 59.33042400401896, ATR: 70.19457878037397, Lev: 50
2026-01-08 22:30:19,802 INFO Risk exit: Trailing Stop ($90876.62), PnL: -132.70
2026-01-08 22:30:24,804 INFO AI Action: HOLD, Price: 90888.5, RSI: 66.6682303202676, ATR: 74.4472407758767, Lev: 50
2026-01-08 22:31:26,547 INFO AI Action: HOLD, Price: 90868.0, RSI: 64.77800171350933, ATR: 78.06465340188578, Lev: 50
2026-01-08 22:32:28,314 INFO AI Action: SELL, Price: 90891.9, RSI: 66.02643586354482, ATR: 76.71944542313554, Lev: 50
2026-01-08 22:32:31,556 INFO Entered SHORT at 90891.9
2026-01-08 22:33:33,178 INFO AI Action: HOLD, Price: 90930.7, RSI: 68.05056542431352, ATR: 82.73564343874689, Lev: 50
2026-01-08 22:34:34,865 INFO AI Action: SELL, Price: 91039.6, RSI: 72.86633160473049, ATR: 85.8970503234754, Lev: 50
2026-01-08 22:35:36,578 INFO AI Action: SELL, Price: 91012.1, RSI: 70.03588905864505, ATR: 85.29509689312134, Lev: 50
2026-01-08 22:36:38,585 INFO AI Action: SELL, Price: 90970.5, RSI: 65.74160404983483, ATR: 86.00516572688811, Lev: 50
2026-01-08 22:37:40,113 INFO AI Action: SELL, Price: 91100.6, RSI: 71.58184883217571, ATR: 91.13319377002605, Lev: 50
2026-01-08 22:38:42,050 INFO AI Action: SELL, Price: 91084.3, RSI: 69.86776490758236, ATR: 88.07995826303178, Lev: 50
2026-01-08 22:39:46,303 INFO Risk exit: Trailing Stop ($91119.13), PnL: -240.70
2026-01-08 22:39:51,305 INFO AI Action: SELL, Price: 91132.6, RSI: 72.00561634711448, ATR: 91.62417569629507, Lev: 50
2026-01-08 22:39:54,540 INFO Entered SHORT at 91132.6
2026-01-08 22:40:56,231 INFO AI Action: HOLD, Price: 91106.8, RSI: 69.3160389956408, ATR: 90.43388901824544, Lev: 50
2026-01-08 22:41:57,873 INFO AI Action: HOLD, Price: 91033.9, RSI: 62.27310302574389, ATR: 91.88826054602175, Lev: 50
2026-01-08 22:42:59,374 INFO AI Action: SELL, Price: 91049.3, RSI: 63.077338138972685, ATR: 90.35786375504237, Lev: 50
2026-01-08 22:44:00,998 INFO AI Action: SELL, Price: 91046.4, RSI: 62.797935311907956, ATR: 86.53379668985079, Lev: 50
2026-01-08 22:45:02,887 INFO AI Action: SELL, Price: 91066.4, RSI: 64.12193629274459, ATR: 82.65353905330538, Lev: 50
2026-01-08 22:46:04,653 INFO AI Action: HOLD, Price: 91027.9, RSI: 59.75036136911382, ATR: 77.66510367266228, Lev: 50
2026-01-08 22:47:06,266 INFO AI Action: HOLD, Price: 91092.1, RSI: 64.24445423763639, ATR: 78.6343986638203, Lev: 50
2026-01-08 22:48:07,791 INFO AI Action: SELL, Price: 91074.1, RSI: 62.20390531226175, ATR: 75.4398343581507, Lev: 50
2026-01-08 22:49:09,383 INFO AI Action: HOLD, Price: 91018.9, RSI: 56.37133256824328, ATR: 74.3541046219676, Lev: 50
2026-01-08 22:50:10,882 INFO AI Action: HOLD, Price: 91029.9, RSI: 57.01573734346739, ATR: 70.7313156829748, Lev: 50
2026-01-08 22:51:12,424 INFO AI Action: SELL, Price: 91025.6, RSI: 56.58974525887372, ATR: 68.1553612024258, Lev: 50
2026-01-08 22:52:14,002 INFO AI Action: SELL, Price: 91071.5, RSI: 60.39831359422651, ATR: 66.59252905669553, Lev: 50
2026-01-08 22:53:15,779 INFO AI Action: HOLD, Price: 91054.6, RSI: 58.37769348434677, ATR: 66.96056739992171, Lev: 50
2026-01-08 22:54:16,847 INFO AI Action: SELL, Price: 91025.7, RSI: 54.89793059926727, ATR: 66.1472175961861, Lev: 50
2026-01-08 22:55:11,575 INFO KeyboardInterrupt: Bot stopped by user.
2026-01-08 23:04:45,585 INFO Bot initialized. Model loaded from models\best_model.zip
2026-01-08 23:04:48,950 INFO AI Action: HOLD, Price: 90938.3, RSI: 49.00288327826577, ATR: 69.31402298673027, Lev: 50
2026-01-08 23:05:50,138 INFO AI Action: HOLD, Price: 91010.6, RSI: 55.62359894422648, ATR: 69.531782514949, Lev: 50
2026-01-08 23:06:51,729 INFO AI Action: SELL, Price: 91030.0, RSI: 57.19254625689521, ATR: 69.05535916526004, Lev: 50
2026-01-08 23:06:54,385 INFO Entered SHORT at 91030.0
2026-01-08 23:07:56,085 INFO AI Action: SELL, Price: 91066.0, RSI: 59.980357882562274, ATR: 69.05217920295806, Lev: 50
2026-01-08 23:08:57,983 INFO AI Action: HOLD, Price: 91006.1, RSI: 53.56580191267466, ATR: 70.73202384741424, Lev: 50
2026-01-08 23:09:59,372 INFO AI Action: HOLD, Price: 91002.0, RSI: 53.2010432411953, ATR: 68.71528006115834, Lev: 50
2026-01-08 23:11:01,340 INFO AI Action: HOLD, Price: 91131.8, RSI: 62.93250974070067, ATR: 69.06777472302831, Lev: 50
2026-01-08 23:12:03,290 INFO AI Action: HOLD, Price: 91137.6, RSI: 63.41437527506632, ATR: 66.55411101832568, Lev: 50
2026-01-08 23:13:05,081 INFO AI Action: SELL, Price: 91140.0, RSI: 63.71173956915718, ATR: 65.53515571818457, Lev: 50
2026-01-08 23:14:06,759 INFO AI Action: SELL, Price: 91123.5, RSI: 61.52659058771683, ATR: 64.52319321698901, Lev: 50
2026-01-08 23:15:08,590 INFO AI Action: HOLD, Price: 91159.2, RSI: 64.25433001532879, ATR: 63.106522281767795, Lev: 50
2026-01-08 23:16:10,459 INFO AI Action: SELL, Price: 91187.5, RSI: 66.34568128252683, ATR: 62.41080541316742, Lev: 50
2026-01-08 23:17:12,121 INFO AI Action: SELL, Price: 91200.0, RSI: 67.36886893030845, ATR: 60.560479924566124, Lev: 50
2026-01-08 23:18:13,830 INFO AI Action: HOLD, Price: 91273.7, RSI: 72.07257635362832, ATR: 61.772453176391224, Lev: 50
2026-01-08 23:19:15,523 INFO AI Action: HOLD, Price: 91265.1, RSI: 70.85268289720162, ATR: 62.572026264693115, Lev: 50
2026-01-08 23:20:17,225 INFO AI Action: HOLD, Price: 91206.3, RSI: 62.56032184009898, ATR: 63.181127864025854, Lev: 50
2026-01-08 23:21:19,017 INFO AI Action: SELL, Price: 91236.7, RSI: 64.79050110451396, ATR: 60.83603405296655, Lev: 50
2026-01-08 23:22:21,028 INFO AI Action: HOLD, Price: 91305.8, RSI: 69.32358015042162, ATR: 61.93634513068795, Lev: 50
2026-01-08 23:23:22,738 INFO AI Action: SELL, Price: 91316.2, RSI: 69.8542278729979, ATR: 61.06812553760291, Lev: 50
2026-01-08 23:24:24,617 INFO AI Action: HOLD, Price: 91316.8, RSI: 70.15923772236356, ATR: 58.79344832153131, Lev: 50
2026-01-08 23:25:26,481 INFO AI Action: SELL, Price: 91325.7, RSI: 70.75011759437001, ATR: 59.177977243799084, Lev: 50
2026-01-08 23:26:28,227 INFO AI Action: SELL, Price: 91358.1, RSI: 72.71831876114611, ATR: 60.27938151883805, Lev: 50
2026-01-08 23:27:30,259 INFO AI Action: HOLD, Price: 91347.9, RSI: 71.04662194576932, ATR: 58.76743213896574, Lev: 50
2026-01-08 23:28:32,099 INFO AI Action: HOLD, Price: 91350.0, RSI: 71.27998020696283, ATR: 56.59968007513146, Lev: 50
2026-01-08 23:29:34,013 INFO AI Action: HOLD, Price: 91272.3, RSI: 58.727353030493155, ATR: 59.81712487298242, Lev: 50
2026-01-08 23:30:35,985 INFO AI Action: HOLD, Price: 91319.9, RSI: 62.88323338071117, ATR: 59.98381331705164, Lev: 50
2026-01-08 23:31:37,920 INFO AI Action: SELL, Price: 91312.5, RSI: 61.99343736627159, ATR: 58.37454390046829, Lev: 50
2026-01-08 23:32:39,805 INFO AI Action: HOLD, Price: 91315.0, RSI: 62.18920906906518, ATR: 56.29303988072922, Lev: 50
2026-01-08 23:33:41,698 INFO AI Action: SELL, Price: 91308.3, RSI: 61.0717046385541, ATR: 53.19325198316837, Lev: 50
2026-01-08 23:34:43,522 INFO AI Action: SELL, Price: 91346.1, RSI: 64.85804059788381, ATR: 53.33416939310231, Lev: 50
2026-01-08 23:35:45,328 INFO AI Action: HOLD, Price: 91329.7, RSI: 61.91804264815191, ATR: 56.38446669221859, Lev: 50
2026-01-08 23:36:47,367 INFO AI Action: HOLD, Price: 91229.4, RSI: 48.38397068531749, ATR: 60.707575821165975, Lev: 50
2026-01-08 23:37:51,046 INFO Risk exit: Time Limit, PnL: -216.70
2026-01-08 23:37:56,048 INFO AI Action: HOLD, Price: 91246.7, RSI: 50.42366681616919, ATR: 59.71518740909774, Lev: 50
2026-01-08 23:38:57,736 INFO AI Action: HOLD, Price: 91279.3, RSI: 53.86641689731037, ATR: 58.04110649775839, Lev: 50
2026-01-08 23:39:59,444 INFO AI Action: HOLD, Price: 91260.7, RSI: 51.62672578096625, ATR: 55.638101870096406, Lev: 50
2026-01-08 23:41:01,273 INFO AI Action: HOLD, Price: 91239.4, RSI: 48.65496577959901, ATR: 57.55853464542149, Lev: 50
2026-01-08 23:42:02,988 INFO AI Action: SELL, Price: 91314.7, RSI: 56.05658421981172, ATR: 64.24598767365886, Lev: 50
2026-01-08 23:42:06,217 INFO Entered SHORT at 91314.7
2026-01-08 23:43:08,184 INFO AI Action: SELL, Price: 91196.8, RSI: 45.07845155328223, ATR: 69.98380561899612, Lev: 50
2026-01-08 23:44:09,937 INFO AI Action: SELL, Price: 91152.9, RSI: 41.79900771795196, ATR: 68.6287130942644, Lev: 50
2026-01-08 23:45:11,707 INFO AI Action: SELL, Price: 91125.0, RSI: 39.96192451097036, ATR: 66.62588296268854, Lev: 50
2026-01-08 23:46:13,486 INFO AI Action: HOLD, Price: 91104.3, RSI: 38.49098270476611, ATR: 65.58352750867323, Lev: 50
2026-01-08 23:47:15,288 INFO AI Action: HOLD, Price: 91110.0, RSI: 39.06410841527348, ATR: 63.675470274075096, Lev: 50
2026-01-08 23:48:17,094 INFO AI Action: HOLD, Price: 91183.5, RSI: 46.97158950263076, ATR: 64.37237187712265, Lev: 50
2026-01-08 23:49:18,788 INFO AI Action: HOLD, Price: 91153.4, RSI: 44.53044837649064, ATR: 63.24388074838793, Lev: 50
2026-01-08 23:50:20,457 INFO AI Action: HOLD, Price: 91256.4, RSI: 53.754420517898524, ATR: 66.13253767572246, Lev: 50
2026-01-08 23:51:22,414 INFO AI Action: SELL, Price: 91226.2, RSI: 50.964040980551324, ATR: 64.96983552433716, Lev: 50
2026-01-08 23:52:24,051 INFO AI Action: HOLD, Price: 91186.6, RSI: 47.59956552263776, ATR: 63.196697213249884, Lev: 50
2026-01-08 23:53:25,788 INFO AI Action: HOLD, Price: 91145.1, RSI: 44.40504548007049, ATR: 61.805910986263356, Lev: 50
2026-01-08 23:54:27,625 INFO AI Action: HOLD, Price: 91200.0, RSI: 49.2611792247095, ATR: 61.31433348477412, Lev: 50
2026-01-08 23:55:29,483 INFO AI Action: SELL, Price: 91149.1, RSI: 45.323479160135754, ATR: 63.44498450665926, Lev: 50
2026-01-08 23:56:31,322 INFO AI Action: HOLD, Price: 91155.8, RSI: 45.91538356068428, ATR: 61.29695916161911, Lev: 50
2026-01-08 23:57:33,060 INFO AI Action: HOLD, Price: 91141.1, RSI: 44.66089286364308, ATR: 58.66817267407888, Lev: 50
2026-01-08 23:58:34,828 INFO AI Action: HOLD, Price: 91197.0, RSI: 50.067855723356246, ATR: 59.24600783551579, Lev: 50
2026-01-08 23:59:36,545 INFO AI Action: SELL, Price: 91216.3, RSI: 51.780924438171276, ATR: 56.41389790217661, Lev: 50
2026-01-09 00:00:38,230 INFO AI Action: HOLD, Price: 91208.1, RSI: 51.019456127512825, ATR: 52.999474627403785, Lev: 50
2026-01-09 00:01:39,905 INFO AI Action: HOLD, Price: 91246.7, RSI: 54.612642331444796, ATR: 52.33599625939486, Lev: 50
2026-01-09 00:02:41,824 INFO AI Action: SELL, Price: 91198.4, RSI: 49.66807102316456, ATR: 53.762430663613394, Lev: 50
2026-01-09 00:03:43,474 INFO AI Action: HOLD, Price: 91151.8, RSI: 45.451078262476166, ATR: 54.53423448192293, Lev: 50
2026-01-09 00:04:45,411 INFO AI Action: SELL, Price: 91163.0, RSI: 46.611922475112976, ATR: 52.06171387932484, Lev: 50
2026-01-09 00:05:47,100 INFO AI Action: HOLD, Price: 91120.2, RSI: 42.73376670197083, ATR: 51.41909471237009, Lev: 50
2026-01-09 00:06:48,795 INFO AI Action: HOLD, Price: 91136.2, RSI: 44.65929605717717, ATR: 49.21174057671898, Lev: 50
2026-01-09 00:07:50,290 INFO AI Action: HOLD, Price: 91134.0, RSI: 44.52604533449384, ATR: 48.25657677818872, Lev: 50
2026-01-09 00:08:52,074 INFO AI Action: HOLD, Price: 91117.7, RSI: 42.72722775575814, ATR: 45.979579802765315, Lev: 50
2026-01-09 00:09:53,723 INFO AI Action: HOLD, Price: 91117.3, RSI: 42.739117227636214, ATR: 43.35834397453508, Lev: 50
2026-01-09 00:10:55,351 INFO AI Action: SELL, Price: 91085.8, RSI: 39.53913868783541, ATR: 42.75720682388134, Lev: 50
2026-01-09 00:11:56,949 INFO AI Action: SELL, Price: 90965.7, RSI: 30.29192543916152, ATR: 48.50888230469982, Lev: 50
2026-01-09 00:13:02,914 INFO Risk exit: Time Limit, PnL: 369.00
2026-01-09 00:13:07,915 INFO AI Action: HOLD, Price: 90945.7, RSI: 28.892050208270742, ATR: 47.337164097996634, Lev: 50
2026-01-09 00:14:09,640 INFO AI Action: HOLD, Price: 91000.9, RSI: 37.33748204732875, ATR: 49.3441660915233, Lev: 50
2026-01-09 00:15:11,259 INFO AI Action: SELL, Price: 90959.4, RSI: 34.10979175499209, ATR: 48.782572666087475, Lev: 50
2026-01-09 00:15:14,309 INFO Entered SHORT at 90959.4
2026-01-09 00:16:16,249 INFO AI Action: HOLD, Price: 90942.7, RSI: 33.01668600287909, ATR: 47.936480882131754, Lev: 50
2026-01-09 00:17:17,833 INFO AI Action: SELL, Price: 90990.2, RSI: 39.299955345199244, ATR: 49.0783178324061, Lev: 50
2026-01-09 00:18:19,402 INFO AI Action: HOLD, Price: 91037.6, RSI: 44.882429914774605, ATR: 52.04828218119509, Lev: 50
2026-01-09 00:19:21,057 INFO AI Action: SELL, Price: 91060.1, RSI: 47.456537866757365, ATR: 49.956588421275455, Lev: 50
2026-01-09 00:20:22,711 INFO AI Action: HOLD, Price: 91060.8, RSI: 47.51595957129821, ATR: 48.366549625338116, Lev: 50
2026-01-09 00:21:24,634 INFO AI Action: SELL, Price: 91105.7, RSI: 52.50619101359554, ATR: 48.573386019648844, Lev: 50
2026-01-09 00:22:26,394 INFO AI Action: HOLD, Price: 91102.8, RSI: 52.12475720557325, ATR: 46.92702919234017, Lev: 50
2026-01-09 00:23:28,004 INFO AI Action: SELL, Price: 91105.3, RSI: 52.402324522996736, ATR: 46.67813374432687, Lev: 50
2026-01-09 00:24:29,577 INFO AI Action: HOLD, Price: 91107.5, RSI: 52.78165862161819, ATR: 44.476861314776656, Lev: 50
2026-01-09 00:25:31,441 INFO AI Action: SELL, Price: 91102.6, RSI: 51.96417968913389, ATR: 41.82801149172293, Lev: 50
2026-01-09 00:26:34,692 INFO AI Action: HOLD, Price: 91008.0, RSI: 40.57125969780974, ATR: 45.715162177562746, Lev: 50
2026-01-09 00:27:36,267 INFO AI Action: SELL, Price: 90953.2, RSI: 35.76392034738285, ATR: 47.14674348361449, Lev: 50
2026-01-09 00:28:37,857 INFO AI Action: SELL, Price: 90975.7, RSI: 38.982743437644444, ATR: 49.17285655558493, Lev: 50
2026-01-09 00:29:39,631 INFO AI Action: SELL, Price: 91022.0, RSI: 45.17123906272919, ATR: 48.980461658326384, Lev: 50
2026-01-09 00:30:41,455 INFO AI Action: HOLD, Price: 91070.2, RSI: 50.65339931054086, ATR: 49.542243480621906, Lev: 50
2026-01-09 00:31:43,332 INFO AI Action: SELL, Price: 90994.4, RSI: 43.230995172539515, ATR: 53.4719204130352, Lev: 50
2026-01-09 00:32:44,888 INFO AI Action: HOLD, Price: 90990.7, RSI: 42.92894654631017, ATR: 51.11675136020233, Lev: 50
2026-01-09 00:33:46,435 INFO AI Action: HOLD, Price: 91023.4, RSI: 46.73798539393052, ATR: 49.80332634837069, Lev: 50
2026-01-09 00:34:48,218 INFO AI Action: HOLD, Price: 91117.6, RSI: 55.96170439974812, ATR: 52.97753846715504, Lev: 50
2026-01-09 00:35:49,904 INFO AI Action: SELL, Price: 91145.8, RSI: 58.403680654471486, ATR: 52.165029677691656, Lev: 50
2026-01-09 00:36:51,651 INFO AI Action: SELL, Price: 91258.0, RSI: 66.01836942893051, ATR: 56.448774826677294, Lev: 50
2026-01-09 00:37:53,855 INFO AI Action: SELL, Price: 91176.0, RSI: 57.62638856392577, ATR: 58.272666821312114, Lev: 50
2026-01-09 00:38:55,640 INFO AI Action: HOLD, Price: 91176.6, RSI: 57.80847448305472, ATR: 56.053035905729466, Lev: 50
2026-01-09 00:39:57,219 INFO AI Action: HOLD, Price: 91183.8, RSI: 58.26220197417766, ATR: 53.25290613570263, Lev: 50
2026-01-09 00:40:58,933 INFO AI Action: SELL, Price: 91202.3, RSI: 59.69240687374336, ATR: 52.1784878209455, Lev: 50
2026-01-09 00:42:00,041 INFO AI Action: HOLD, Price: 91156.4, RSI: 54.69676702220564, ATR: 51.73006566224728, Lev: 50
2026-01-09 00:43:01,142 INFO AI Action: SELL, Price: 91167.9, RSI: 55.754303533788196, ATR: 50.877730582747716, Lev: 50
2026-01-09 00:44:02,258 INFO AI Action: SELL, Price: 91227.1, RSI: 60.643058669208365, ATR: 47.94728955010162, Lev: 50
2026-01-09 00:45:03,374 INFO AI Action: HOLD, Price: 91178.1, RSI: 54.821841770824086, ATR: 48.0438657797067, Lev: 50
2026-01-09 00:46:07,614 INFO Risk exit: Time Limit, PnL: -74.20
2026-01-09 00:46:12,615 INFO AI Action: SELL, Price: 91033.6, RSI: 42.21244884072574, ATR: 54.93242882829558, Lev: 50
2026-01-09 00:46:15,606 INFO Entered SHORT at 91033.6
2026-01-09 00:47:17,351 INFO AI Action: HOLD, Price: 90953.5, RSI: 37.20097249321719, ATR: 60.39693245114508, Lev: 50
2026-01-09 00:48:19,325 INFO AI Action: SELL, Price: 90987.3, RSI: 40.39717518465635, ATR: 59.05610973057084, Lev: 50
2026-01-09 00:49:21,321 INFO AI Action: HOLD, Price: 90977.3, RSI: 39.72007668270843, ATR: 60.0232489216301, Lev: 50
2026-01-09 00:50:22,862 INFO AI Action: HOLD, Price: 91012.5, RSI: 43.23570720201694, ATR: 58.45974798991291, Lev: 50
2026-01-09 00:51:24,787 INFO AI Action: HOLD, Price: 91022.1, RSI: 44.177689835365726, ATR: 55.24370468049742, Lev: 50
2026-01-09 00:52:26,719 INFO AI Action: HOLD, Price: 91002.1, RSI: 42.617388131582, ATR: 53.283928581831006, Lev: 50
2026-01-09 00:53:28,712 INFO AI Action: SELL, Price: 91047.0, RSI: 47.25429397756744, ATR: 53.14270229281776, Lev: 50
2026-01-09 00:54:30,462 INFO AI Action: SELL, Price: 91041.9, RSI: 46.77516520835741, ATR: 51.91222745984883, Lev: 50
2026-01-09 00:55:33,111 INFO AI Action: SELL, Price: 91011.4, RSI: 44.06192407679258, ATR: 50.39760751063535, Lev: 50
2026-01-09 00:56:35,004 INFO AI Action: HOLD, Price: 90982.6, RSI: 41.46396160337624, ATR: 48.90061764017006, Lev: 50
2026-01-09 00:57:36,795 INFO AI Action: HOLD, Price: 91017.4, RSI: 45.460004366054214, ATR: 47.89089710591215, Lev: 50
2026-01-09 00:58:38,643 INFO AI Action: SELL, Price: 91022.7, RSI: 46.160099870586485, ATR: 45.57487900180502, Lev: 50
2026-01-09 00:59:40,031 INFO AI Action: HOLD, Price: 91038.5, RSI: 48.07056131241451, ATR: 43.99503859183642, Lev: 50
2026-01-09 01:00:41,195 INFO AI Action: SELL, Price: 91054.7, RSI: 49.918558263502334, ATR: 42.01249167534964, Lev: 50
2026-01-09 01:01:42,927 INFO AI Action: SELL, Price: 91095.2, RSI: 54.434489881927334, ATR: 44.10153011577352, Lev: 50
2026-01-09 01:02:45,938 INFO AI Action: HOLD, Price: 91081.8, RSI: 52.745033849466516, ATR: 42.18808120742975, Lev: 50
2026-01-09 01:03:47,481 INFO AI Action: HOLD, Price: 91137.9, RSI: 58.592803318363686, ATR: 44.171113973087756, Lev: 50
2026-01-09 01:04:49,010 INFO AI Action: HOLD, Price: 91170.0, RSI: 61.47494887179268, ATR: 43.34882131172715, Lev: 50
2026-01-09 01:05:50,640 INFO AI Action: SELL, Price: 91259.2, RSI: 68.21058022689681, ATR: 46.63024291011067, Lev: 50
2026-01-09 01:06:52,335 INFO AI Action: SELL, Price: 91211.3, RSI: 61.86682632272624, ATR: 46.72988676196491, Lev: 50
2026-01-09 01:07:54,156 INFO AI Action: HOLD, Price: 91209.2, RSI: 61.733765772805334, ATR: 44.052815876288435, Lev: 50
2026-01-09 01:08:56,053 INFO AI Action: SELL, Price: 91221.1, RSI: 62.66608376415636, ATR: 42.365057830645114, Lev: 50
2026-01-09 01:09:57,745 INFO AI Action: SELL, Price: 91276.9, RSI: 66.95489919863236, ATR: 43.54028280708728, Lev: 50
2026-01-09 01:10:59,440 INFO AI Action: HOLD, Price: 91230.5, RSI: 60.714404843371206, ATR: 44.14129488145615, Lev: 50
2026-01-09 01:12:01,289 INFO AI Action: HOLD, Price: 91171.5, RSI: 53.55312202105738, ATR: 43.54267356534996, Lev: 50
2026-01-09 01:13:04,385 INFO AI Action: HOLD, Price: 91174.9, RSI: 53.749484718179836, ATR: 41.56293890073329, Lev: 50
2026-01-09 01:14:06,504 INFO AI Action: HOLD, Price: 91139.2, RSI: 49.705795898402414, ATR: 42.476728796801694, Lev: 50
2026-01-09 01:15:08,355 INFO AI Action: HOLD, Price: 91118.5, RSI: 47.423580087301495, ATR: 41.522085255532616, Lev: 50
2026-01-09 01:16:10,169 INFO AI Action: HOLD, Price: 91067.5, RSI: 42.18351738300594, ATR: 42.20183870210634, Lev: 50
2026-01-09 01:17:14,222 INFO Risk exit: Time Limit, PnL: -32.90
2026-01-09 01:17:19,224 INFO AI Action: HOLD, Price: 91066.5, RSI: 42.16725913917326, ATR: 39.263031253679856, Lev: 50
2026-01-09 01:18:20,973 INFO AI Action: SELL, Price: 91094.2, RSI: 45.75130268455297, ATR: 38.44286894017444, Lev: 50
2026-01-09 01:18:24,553 INFO Entered SHORT at 91094.2
2026-01-09 01:19:26,148 INFO AI Action: SELL, Price: 91088.6, RSI: 45.2961850518062, ATR: 37.03479344395431, Lev: 50
2026-01-09 01:20:27,673 INFO AI Action: HOLD, Price: 91090.0, RSI: 45.25319539252389, ATR: 34.48751103453908, Lev: 50
2026-01-09 01:21:29,495 INFO AI Action: HOLD, Price: 91090.0, RSI: 45.34682703399449, ATR: 34.476087294475825, Lev: 50
2026-01-09 01:22:31,220 INFO AI Action: SELL, Price: 91079.6, RSI: 43.96569691761927, ATR: 30.458829400002994, Lev: 50
2026-01-09 01:23:32,971 INFO AI Action: SELL, Price: 91006.3, RSI: 35.61431165556253, ATR: 34.597787307355, Lev: 50
2026-01-09 01:24:34,555 INFO AI Action: SELL, Price: 90998.6, RSI: 34.893745014038366, ATR: 33.94261781133843, Lev: 50
2026-01-09 01:25:36,118 INFO AI Action: SELL, Price: 90976.0, RSI: 32.83891464695746, ATR: 34.875396736344705, Lev: 50
2026-01-09 01:26:37,657 INFO AI Action: HOLD, Price: 90954.1, RSI: 30.66910766316146, ATR: 35.457159224524986, Lev: 50
2026-01-09 01:27:39,306 INFO AI Action: HOLD, Price: 90840.0, RSI: 23.025936437167747, ATR: 41.47850574941169, Lev: 50
2026-01-09 01:28:40,831 INFO AI Action: HOLD, Price: 90780.0, RSI: 19.93786488329811, ATR: 44.623152302006986, Lev: 50
2026-01-09 01:29:42,614 INFO AI Action: SELL, Price: 90863.7, RSI: 32.70632017205598, ATR: 47.40749109299538, Lev: 50
2026-01-09 01:30:44,432 INFO AI Action: HOLD, Price: 90890.8, RSI: 36.25088641473925, ATR: 45.96893508320735, Lev: 50
2026-01-09 01:31:46,053 INFO AI Action: HOLD, Price: 90794.9, RSI: 30.275938478164573, ATR: 49.53758133779266, Lev: 50
2026-01-09 01:32:47,772 INFO AI Action: SELL, Price: 90720.2, RSI: 26.465123146761997, ATR: 51.54894731790211, Lev: 50
2026-01-09 01:33:49,445 INFO AI Action: HOLD, Price: 90687.0, RSI: 25.02287212098855, ATR: 50.894025836223996, Lev: 50
2026-01-09 01:34:51,141 INFO AI Action: HOLD, Price: 90662.3, RSI: 23.940365003790372, ATR: 54.33772953300437, Lev: 50
2026-01-09 01:35:52,758 INFO AI Action: HOLD, Price: 90666.5, RSI: 24.613017255059972, ATR: 52.027922652030576, Lev: 50
2026-01-09 01:36:54,345 INFO AI Action: HOLD, Price: 90668.1, RSI: 24.798361054664507, ATR: 51.03840420548693, Lev: 50
2026-01-09 01:37:55,970 INFO AI Action: HOLD, Price: 90676.1, RSI: 26.026903596344756, ATR: 54.36949719872977, Lev: 50
2026-01-09 01:39:00,293 INFO Risk exit: Take Profit, PnL: 524.30
2026-01-09 01:39:05,294 INFO AI Action: HOLD, Price: 90569.9, RSI: 21.046502199794617, ATR: 59.49627383577952, Lev: 50
2026-01-09 01:40:06,984 INFO AI Action: SELL, Price: 90566.1, RSI: 25.31083346891499, ATR: 58.12568015368444, Lev: 50
2026-01-09 01:40:10,505 INFO Entered SHORT at 90566.1
2026-01-09 01:41:12,280 INFO AI Action: HOLD, Price: 90671.1, RSI: 37.93997876254725, ATR: 63.44893668801816, Lev: 50
2026-01-09 01:42:14,172 INFO AI Action: HOLD, Price: 90557.7, RSI: 31.687791821218607, ATR: 67.0497973390231, Lev: 50
2026-01-09 01:43:15,766 INFO AI Action: SELL, Price: 90590.4, RSI: 35.033718363621404, ATR: 65.96189508554772, Lev: 50
2026-01-09 01:44:17,530 INFO AI Action: HOLD, Price: 90643.5, RSI: 40.09388892608431, ATR: 65.13832582807615, Lev: 50
2026-01-09 01:45:19,067 INFO AI Action: HOLD, Price: 90644.4, RSI: 40.17040758268505, ATR: 63.37477565090074, Lev: 50
2026-01-09 01:46:20,637 INFO AI Action: HOLD, Price: 90634.3, RSI: 39.50116062171621, ATR: 61.299526847654164, Lev: 50
2026-01-09 01:47:22,436 INFO AI Action: SELL, Price: 90595.9, RSI: 36.92263145760357, ATR: 60.082358110843806, Lev: 50
2026-01-09 01:48:24,298 INFO AI Action: HOLD, Price: 90583.1, RSI: 36.02812692011727, ATR: 57.54599231351578, Lev: 50
2026-01-09 01:49:25,954 INFO AI Action: HOLD, Price: 90646.1, RSI: 42.966454092278966, ATR: 59.15008442065171, Lev: 50
2026-01-09 01:50:27,573 INFO AI Action: SELL, Price: 90647.2, RSI: 43.167277561383074, ATR: 58.29585973178181, Lev: 50
2026-01-09 01:51:29,151 INFO AI Action: HOLD, Price: 90669.9, RSI: 45.52351763826776, ATR: 56.84029063999509, Lev: 50
2026-01-09 01:52:30,853 INFO AI Action: SELL, Price: 90639.7, RSI: 42.863528720584156, ATR: 55.97855371622937, Lev: 50
2026-01-09 01:53:32,572 INFO AI Action: HOLD, Price: 90633.6, RSI: 42.351400175019336, ATR: 54.826771206267054, Lev: 50
2026-01-09 01:54:34,108 INFO AI Action: HOLD, Price: 90669.7, RSI: 46.653901331677126, ATR: 53.4899670202097, Lev: 50
2026-01-09 01:55:35,717 INFO AI Action: SELL, Price: 90618.2, RSI: 41.92364552096028, ATR: 53.34923582321422, Lev: 50
2026-01-09 01:56:37,497 INFO AI Action: HOLD, Price: 90608.0, RSI: 41.00628946386029, ATR: 52.27236632694623, Lev: 50
2026-01-09 01:57:39,127 INFO AI Action: HOLD, Price: 90593.1, RSI: 39.65618911398705, ATR: 50.04002462102111, Lev: 50
2026-01-09 01:58:40,726 INFO AI Action: HOLD, Price: 90559.1, RSI: 36.802771502824406, ATR: 50.44098012437351, Lev: 50
2026-01-09 01:59:42,760 INFO AI Action: HOLD, Price: 90599.6, RSI: 42.18310707333639, ATR: 50.26062736577535, Lev: 50
2026-01-09 02:00:44,426 INFO AI Action: SELL, Price: 90550.2, RSI: 37.90197679193746, ATR: 50.22212688156381, Lev: 50
2026-01-09 02:01:46,261 INFO AI Action: HOLD, Price: 90637.5, RSI: 47.964819587576, ATR: 52.87400917201095, Lev: 50
2026-01-09 02:02:47,916 INFO AI Action: SELL, Price: 90599.9, RSI: 44.60537347764584, ATR: 51.78493447251402, Lev: 50
2026-01-09 02:03:49,791 INFO AI Action: HOLD, Price: 90587.6, RSI: 43.45846547966092, ATR: 50.3490250717989, Lev: 50
2026-01-09 02:04:51,496 INFO AI Action: HOLD, Price: 90598.5, RSI: 44.7601416789221, ATR: 47.53411524820768, Lev: 50
2026-01-09 02:05:52,575 INFO AI Action: SELL, Price: 90599.4, RSI: 44.950264222164975, ATR: 44.43114092084623, Lev: 50
2026-01-09 02:06:54,345 INFO AI Action: HOLD, Price: 90631.6, RSI: 48.896307145442236, ATR: 45.29175196629065, Lev: 50
2026-01-09 02:07:55,482 INFO AI Action: SELL, Price: 90673.8, RSI: 53.56255534390724, ATR: 46.80162065388636, Lev: 50
2026-01-09 02:08:56,808 INFO AI Action: HOLD, Price: 90687.5, RSI: 54.85815053367446, ATR: 45.16918118927177, Lev: 50
2026-01-09 02:09:57,910 INFO AI Action: SELL, Price: 90746.4, RSI: 60.59986031986192, ATR: 46.1852894321459, Lev: 50
2026-01-09 02:11:02,233 INFO Risk exit: Time Limit, PnL: -171.80
2026-01-09 02:11:07,236 INFO AI Action: SELL, Price: 90737.9, RSI: 59.475872706680505, ATR: 44.70790635040601, Lev: 50
2026-01-09 02:11:10,395 INFO Entered SHORT at 90737.9
2026-01-09 02:12:12,404 INFO AI Action: SELL, Price: 90780.0, RSI: 62.38355588091959, ATR: 43.17679178070739, Lev: 50
2026-01-09 02:13:13,970 INFO AI Action: HOLD, Price: 90732.0, RSI: 56.001219679295936, ATR: 43.51582790042676, Lev: 50
2026-01-09 02:14:15,497 INFO AI Action: HOLD, Price: 90770.3, RSI: 59.39374070202058, ATR: 43.489797787924566, Lev: 50
2026-01-09 02:15:17,310 INFO AI Action: HOLD, Price: 90735.1, RSI: 55.04814013982441, ATR: 42.89146018351303, Lev: 50
2026-01-09 02:16:18,943 INFO AI Action: HOLD, Price: 90766.5, RSI: 58.0708176708821, ATR: 42.067289460984036, Lev: 50
2026-01-09 02:17:20,506 INFO AI Action: SELL, Price: 90822.3, RSI: 62.851032789006524, ATR: 43.21565705332051, Lev: 50
2026-01-09 02:18:22,628 INFO AI Action: HOLD, Price: 90821.6, RSI: 62.67777511473727, ATR: 41.71192755072628, Lev: 50
2026-01-09 02:19:24,335 INFO AI Action: SELL, Price: 90847.2, RSI: 64.87791035449347, ATR: 40.947102109636816, Lev: 50
2026-01-09 02:20:25,988 INFO AI Action: SELL, Price: 90825.2, RSI: 61.652236427130255, ATR: 39.88922870577548, Lev: 50
2026-01-09 02:21:27,768 INFO AI Action: HOLD, Price: 90760.3, RSI: 53.16515779591277, ATR: 41.67310285914991, Lev: 50
2026-01-09 02:22:29,411 INFO AI Action: HOLD, Price: 90825.1, RSI: 59.12145653224417, ATR: 43.32860032246194, Lev: 50
2026-01-09 02:23:31,236 INFO AI Action: HOLD, Price: 90849.6, RSI: 61.03919832644624, ATR: 42.78760378207604, Lev: 50
2026-01-09 02:24:32,827 INFO AI Action: HOLD, Price: 90842.3, RSI: 60.16350455954436, ATR: 42.00410923206934, Lev: 50
2026-01-09 02:25:34,543 INFO AI Action: SELL, Price: 90827.2, RSI: 58.26321322813222, ATR: 40.84922187018961, Lev: 50
2026-01-09 02:26:36,073 INFO AI Action: SELL, Price: 90927.4, RSI: 66.35654302595461, ATR: 45.07657423192693, Lev: 50
2026-01-09 02:27:37,678 INFO AI Action: HOLD, Price: 90926.2, RSI: 66.22818513765759, ATR: 43.84178121125757, Lev: 50
2026-01-09 02:28:39,529 INFO AI Action: SELL, Price: 90891.0, RSI: 61.35123929137321, ATR: 43.23373440741091, Lev: 50
2026-01-09 02:29:41,448 INFO AI Action: SELL, Price: 90878.0, RSI: 59.577837599342885, ATR: 41.073635293389245, Lev: 50
2026-01-09 02:30:43,171 INFO AI Action: HOLD, Price: 90887.0, RSI: 60.48186327039296, ATR: 39.149592199763035, Lev: 50
2026-01-09 02:31:44,898 INFO AI Action: HOLD, Price: 90900.2, RSI: 61.68431636930078, ATR: 37.79751640154741, Lev: 50
2026-01-09 02:32:46,501 INFO AI Action: HOLD, Price: 90912.6, RSI: 62.834554743474115, ATR: 36.66769337753687, Lev: 50
2026-01-09 02:33:48,221 INFO AI Action: HOLD, Price: 90938.9, RSI: 65.29669637134445, ATR: 35.92391548382611, Lev: 50
2026-01-09 02:34:49,945 INFO AI Action: HOLD, Price: 90949.9, RSI: 66.38079952987533, ATR: 34.14712015459961, Lev: 50
2026-01-09 02:35:51,435 INFO AI Action: SELL, Price: 91033.8, RSI: 72.81970900768698, ATR: 37.70105200047573, Lev: 50
2026-01-09 02:36:53,069 INFO AI Action: SELL, Price: 91021.4, RSI: 70.66555117416705, ATR: 36.91725135080183, Lev: 50
2026-01-09 02:37:54,852 INFO AI Action: SELL, Price: 91011.6, RSI: 68.92508234567526, ATR: 35.47423183977599, Lev: 50
2026-01-09 02:38:56,469 INFO AI Action: SELL, Price: 91011.1, RSI: 68.85200752500246, ATR: 32.978372505025135, Lev: 50
2026-01-09 02:39:58,321 INFO AI Action: SELL, Price: 91008.0, RSI: 68.17421622050077, ATR: 30.84874225716944, Lev: 50
2026-01-09 02:40:59,902 INFO AI Action: HOLD, Price: 91008.0, RSI: 68.25645665674506, ATR: 30.845569500935117, Lev: 50
2026-01-09 02:42:04,957 INFO Risk exit: Time Limit, PnL: -259.80
2026-01-09 02:42:09,958 INFO AI Action: HOLD, Price: 90997.7, RSI: 64.94647632972124, ATR: 28.358763923219918, Lev: 50
2026-01-09 02:43:11,898 INFO AI Action: HOLD, Price: 91066.1, RSI: 71.68781902919734, ATR: 31.214033440707954, Lev: 50
2026-01-09 02:44:13,762 INFO AI Action: SELL, Price: 91066.1, RSI: 71.78734677900377, ATR: 31.208540189939445, Lev: 50
2026-01-09 02:44:17,654 INFO Entered SHORT at 91066.1
2026-01-09 02:45:19,263 INFO AI Action: SELL, Price: 91084.5, RSI: 73.42834677363983, ATR: 28.422320343127865, Lev: 50
2026-01-09 02:46:20,739 INFO AI Action: SELL, Price: 91121.2, RSI: 76.38607849864118, ATR: 30.022192534672325, Lev: 50
2026-01-09 02:47:22,530 INFO AI Action: SELL, Price: 91103.0, RSI: 72.00015100539157, ATR: 30.530052168465534, Lev: 50
2026-01-09 02:48:24,344 INFO AI Action: SELL, Price: 91002.1, RSI: 54.117218682383594, ATR: 35.55249851805031, Lev: 50
2026-01-09 02:49:26,052 INFO AI Action: HOLD, Price: 91002.1, RSI: 54.07910264579281, ATR: 35.549474200761395, Lev: 50
2026-01-09 02:50:32,836 INFO AI Action: SELL, Price: 91002.1, RSI: 54.14889318536707, ATR: 35.54956663526952, Lev: 50
2026-01-09 02:51:34,520 INFO AI Action: HOLD, Price: 91057.5, RSI: 60.781563497178446, ATR: 32.46028940906844, Lev: 50
2026-01-09 02:52:36,141 INFO AI Action: SELL, Price: 91034.4, RSI: 57.06823674339342, ATR: 31.82208311098216, Lev: 50
2026-01-09 02:53:37,774 INFO AI Action: SELL, Price: 91034.4, RSI: 57.01961420345565, ATR: 31.819617206868795, Lev: 50
2026-01-09 02:54:39,334 INFO AI Action: HOLD, Price: 91003.0, RSI: 52.05688458496383, ATR: 29.680128338282607, Lev: 50
2026-01-09 02:55:41,203 INFO AI Action: SELL, Price: 91037.9, RSI: 56.67907339624069, ATR: 31.552252439845077, Lev: 50
2026-01-09 02:56:42,968 INFO AI Action: SELL, Price: 91002.3, RSI: 51.24766847494141, ATR: 31.845036956362133, Lev: 50
2026-01-09 02:57:44,612 INFO AI Action: SELL, Price: 91059.2, RSI: 58.11634216236194, ATR: 33.85243692196906, Lev: 50
2026-01-09 02:58:47,992 INFO AI Action: SELL, Price: 91082.8, RSI: 60.591769202206684, ATR: 33.12495457896789, Lev: 50
2026-01-09 02:59:39,303 INFO KeyboardInterrupt: Bot stopped by user.
2026-01-13 00:36:50,603 INFO Bot initialized. Model loaded from models\best_model.zip
2026-01-13 00:36:54,030 INFO AI Action: HOLD, Price: 91507.6, RSI: 43.87039201547224, ATR: 58.01290388362289, Lev: 50
2026-01-13 00:37:55,716 INFO AI Action: HOLD, Price: 91519.6, RSI: 45.057780837040404, ATR: 56.20178303407899, Lev: 50
2026-01-13 00:38:57,331 INFO AI Action: HOLD, Price: 91650.0, RSI: 55.691378853190166, ATR: 61.663850893165765, Lev: 50
2026-01-13 00:39:59,002 INFO AI Action: HOLD, Price: 91631.5, RSI: 54.04401979719325, ATR: 59.7539171125589, Lev: 50
2026-01-13 00:41:00,904 INFO AI Action: HOLD, Price: 91702.6, RSI: 59.06677839708279, ATR: 59.39395447690589, Lev: 50
2026-01-13 00:42:02,790 INFO AI Action: HOLD, Price: 91611.0, RSI: 51.23236394616986, ATR: 62.84576301514985, Lev: 50
2026-01-13 00:43:04,154 INFO AI Action: HOLD, Price: 91627.1, RSI: 52.532977922059715, ATR: 61.65694448261539, Lev: 50
2026-01-13 00:44:05,233 INFO AI Action: HOLD, Price: 91667.5, RSI: 55.45330180627177, ATR: 60.76495804872178, Lev: 50
2026-01-13 00:45:06,331 INFO AI Action: SELL, Price: 91616.4, RSI: 51.17065577512426, ATR: 60.97270489472861, Lev: 50
2026-01-13 00:45:08,983 INFO Attaching Bracket -> SL: 92074 | TP: 91158
2026-01-13 00:45:09,741 ERROR Order Failed: {'error': {'code': 'ip_not_whitelisted_for_api_key', 'context': {'client_ip': '162.44.150.11'}}, 'success': False}
2026-01-13 00:46:11,224 INFO AI Action: SELL, Price: 91645.5, RSI: 53.170941994487755, ATR: 60.36625240927049, Lev: 50
2026-01-13 00:46:12,736 INFO Attaching Bracket -> SL: 92103 | TP: 91187
2026-01-13 00:46:13,867 ERROR Order Failed: {'error': {'code': 'ip_not_whitelisted_for_api_key', 'context': {'client_ip': '162.44.150.11'}}, 'success': False}
2026-01-13 00:47:15,488 INFO AI Action: SELL, Price: 91720.7, RSI: 58.741156381784165, ATR: 61.406925067179934, Lev: 50
2026-01-13 00:47:16,979 INFO Attaching Bracket -> SL: 92179 | TP: 91262
2026-01-13 00:47:18,271 ERROR Order Failed: {'error': {'code': 'ip_not_whitelisted_for_api_key', 'context': {'client_ip': '162.44.150.11'}}, 'success': False}
2026-01-13 00:48:19,405 INFO AI Action: SELL, Price: 91747.4, RSI: 60.46168344540748, ATR: 60.20418916561139, Lev: 50
2026-01-13 00:48:20,144 INFO Attaching Bracket -> SL: 92206 | TP: 91288
2026-01-13 00:48:20,930 ERROR Order Failed: {'error': {'code': 'ip_not_whitelisted_for_api_key', 'context': {'client_ip': '162.44.150.11'}}, 'success': False}
2026-01-13 00:49:22,077 INFO AI Action: SELL, Price: 91753.5, RSI: 60.899741493793236, ATR: 57.753446425854904, Lev: 50
2026-01-13 00:49:23,064 INFO Attaching Bracket -> SL: 92212 | TP: 91294
2026-01-13 00:49:23,822 ERROR Order Failed: {'error': {'code': 'ip_not_whitelisted_for_api_key', 'context': {'client_ip': '162.44.150.11'}}, 'success': False}
2026-01-13 00:50:25,358 INFO AI Action: SELL, Price: 91765.4, RSI: 61.60794837355614, ATR: 55.68241079966949, Lev: 50
2026-01-13 00:50:26,289 INFO Attaching Bracket -> SL: 92224 | TP: 91306
2026-01-13 00:50:27,055 ERROR Order Failed: {'error': {'code': 'ip_not_whitelisted_for_api_key', 'context': {'client_ip': '162.44.150.11'}}, 'success': False}
2026-01-13 00:51:28,182 INFO AI Action: HOLD, Price: 91780.0, RSI: 62.779898044141675, ATR: 55.48583598096053, Lev: 50
2026-01-13 00:52:29,507 INFO AI Action: HOLD, Price: 91771.4, RSI: 61.62083485604136, ATR: 53.32254135377878, Lev: 50
2026-01-13 00:53:31,253 INFO AI Action: SELL, Price: 91740.0, RSI: 57.82983101952528, ATR: 51.751163976724, Lev: 50
2026-01-13 00:53:32,589 INFO Attaching Bracket -> SL: 92198 | TP: 91281
2026-01-13 00:53:33,946 ERROR Order Failed: {'error': {'code': 'ip_not_whitelisted_for_api_key', 'context': {'client_ip': '162.44.150.11'}}, 'success': False}
2026-01-13 00:54:35,547 INFO AI Action: HOLD, Price: 91770.2, RSI: 60.41415836475941, ATR: 50.23590071476095, Lev: 50
2026-01-13 00:55:36,757 INFO AI Action: SELL, Price: 91767.8, RSI: 60.05115120538421, ATR: 48.7745338609208, Lev: 50
2026-01-13 00:55:37,487 INFO Attaching Bracket -> SL: 92226 | TP: 91308
2026-01-13 00:55:38,580 ERROR Order Failed: {'error': {'code': 'ip_not_whitelisted_for_api_key', 'context': {'client_ip': '162.44.150.11'}}, 'success': False}
2026-01-13 00:56:40,226 INFO AI Action: SELL, Price: 91784.4, RSI: 61.618127902365735, ATR: 46.47556148499001, Lev: 50
2026-01-13 00:56:41,330 INFO Attaching Bracket -> SL: 92243 | TP: 91325
2026-01-13 00:56:42,458 ERROR Order Failed: {'error': {'code': 'ip_not_whitelisted_for_api_key', 'context': {'client_ip': '162.44.150.11'}}, 'success': False}
2026-01-13 00:57:44,178 INFO AI Action: HOLD, Price: 91777.0, RSI: 60.474814600528475, ATR: 44.22307473573363, Lev: 50
2026-01-13 00:58:45,553 INFO AI Action: SELL, Price: 91726.4, RSI: 53.5332128215756, ATR: 45.15587286421921, Lev: 50
2026-01-13 00:58:46,481 INFO Attaching Bracket -> SL: 92185 | TP: 91267
2026-01-13 00:58:47,426 ERROR Order Failed: {'error': {'code': 'ip_not_whitelisted_for_api_key', 'context': {'client_ip': '162.44.150.11'}}, 'success': False}
2026-01-13 00:59:49,134 INFO AI Action: SELL, Price: 91758.9, RSI: 56.97160490358926, ATR: 46.75992120638244, Lev: 50
2026-01-13 00:59:49,980 INFO Attaching Bracket -> SL: 92217 | TP: 91300
2026-01-13 00:59:50,772 ERROR Order Failed: {'error': {'code': 'ip_not_whitelisted_for_api_key', 'context': {'client_ip': '162.44.150.11'}}, 'success': False}
2026-01-13 01:00:52,336 INFO AI Action: HOLD, Price: 91794.3, RSI: 60.37462710058486, ATR: 46.04852826822087, Lev: 50
2026-01-13 01:01:53,867 INFO AI Action: SELL, Price: 91820.5, RSI: 62.586150703163725, ATR: 45.247843065805256, Lev: 50
2026-01-13 01:01:55,267 INFO Attaching Bracket -> SL: 92279 | TP: 91361
2026-01-13 01:01:56,710 ERROR Order Failed: {'error': {'code': 'ip_not_whitelisted_for_api_key', 'context': {'client_ip': '162.44.150.11'}}, 'success': False}
2026-01-13 01:02:58,216 INFO AI Action: HOLD, Price: 91808.3, RSI: 61.017947961857494, ATR: 46.236618045186006, Lev: 50
2026-01-13 01:04:00,149 INFO AI Action: SELL, Price: 91783.5, RSI: 57.27448046295986, ATR: 44.701280954475486, Lev: 50
2026-01-13 01:04:01,550 INFO Attaching Bracket -> SL: 92242 | TP: 91324
2026-01-13 01:04:02,756 ERROR Order Failed: {'error': {'code': 'ip_not_whitelisted_for_api_key', 'context': {'client_ip': '162.44.150.11'}}, 'success': False}
2026-01-13 01:05:04,387 INFO AI Action: SELL, Price: 91793.7, RSI: 57.96520922419018, ATR: 41.54315956384332, Lev: 50
2026-01-13 01:05:05,582 INFO Attaching Bracket -> SL: 92252 | TP: 91334
2026-01-13 01:05:06,811 ERROR Order Failed: {'error': {'code': 'ip_not_whitelisted_for_api_key', 'context': {'client_ip': '162.44.150.11'}}, 'success': False}
2026-01-13 01:06:08,858 INFO AI Action: HOLD, Price: 91792.0, RSI: 57.85621754506779, ATR: 38.73007144592711, Lev: 50
2026-01-13 01:07:10,430 INFO AI Action: HOLD, Price: 91709.8, RSI: 46.261527836594624, ATR: 42.43689735035588, Lev: 50
2026-01-13 01:08:12,114 INFO AI Action: SELL, Price: 91748.0, RSI: 51.109304344578646, ATR: 43.272189928610246, Lev: 50
2026-01-13 01:08:13,500 INFO Attaching Bracket -> SL: 92206 | TP: 91289
2026-01-13 01:08:15,059 ERROR Order Failed: {'error': {'code': 'ip_not_whitelisted_for_api_key', 'context': {'client_ip': '162.44.150.11'}}, 'success': False}
2026-01-13 01:09:16,569 INFO AI Action: SELL, Price: 91787.6, RSI: 55.665510631456314, ATR: 44.13770656599775, Lev: 50
2026-01-13 01:09:17,892 INFO Attaching Bracket -> SL: 92246 | TP: 91328
2026-01-13 01:09:19,241 ERROR Order Failed: {'error': {'code': 'ip_not_whitelisted_for_api_key', 'context': {'client_ip': '162.44.150.11'}}, 'success': False}
2026-01-13 01:10:20,853 INFO AI Action: HOLD, Price: 91785.4, RSI: 55.291117710413744, ATR: 41.49529913659246, Lev: 50
2026-01-13 01:11:22,462 INFO AI Action: SELL, Price: 91787.5, RSI: 55.58591600960324, ATR: 39.752025765588996, Lev: 50
2026-01-13 01:11:23,850 INFO Attaching Bracket -> SL: 92246 | TP: 91328
2026-01-13 01:11:25,175 ERROR Order Failed: {'error': {'code': 'ip_not_whitelisted_for_api_key', 'context': {'client_ip': '162.44.150.11'}}, 'success': False}
2026-01-13 01:12:26,677 INFO AI Action: HOLD, Price: 91785.2, RSI: 55.06023129403377, ATR: 38.776032729041106, Lev: 50
2026-01-13 01:13:28,408 INFO AI Action: HOLD, Price: 91779.1, RSI: 54.29754116536638, ATR: 36.81556494923505, Lev: 50
2026-01-13 01:14:30,109 INFO AI Action: SELL, Price: 91757.0, RSI: 50.632486509610054, ATR: 36.78943335417724, Lev: 50
2026-01-13 01:14:31,533 INFO Attaching Bracket -> SL: 92215 | TP: 91298
2026-01-13 01:14:32,705 ERROR Order Failed: {'error': {'code': 'ip_not_whitelisted_for_api_key', 'context': {'client_ip': '162.44.150.11'}}, 'success': False}
2026-01-13 01:15:34,298 INFO AI Action: SELL, Price: 91755.0, RSI: 50.26010767564276, ATR: 35.13123275878264, Lev: 50
2026-01-13 01:15:35,471 INFO Attaching Bracket -> SL: 92213 | TP: 91296
2026-01-13 01:15:37,040 ERROR Order Failed: {'error': {'code': 'ip_not_whitelisted_for_api_key', 'context': {'client_ip': '162.44.150.11'}}, 'success': False}
2026-01-13 01:16:38,578 INFO AI Action: HOLD, Price: 91682.5, RSI: 40.19346329751833, ATR: 37.87299449774102, Lev: 50
2026-01-13 01:17:40,189 INFO AI Action: HOLD, Price: 91705.6, RSI: 43.970513811960956, ATR: 36.82141216600867, Lev: 50
2026-01-13 01:18:41,669 INFO AI Action: HOLD, Price: 91672.7, RSI: 40.184930056651964, ATR: 36.583679918496294, Lev: 50
2026-01-13 01:19:43,484 INFO AI Action: HOLD, Price: 91689.2, RSI: 42.71893881739844, ATR: 35.14608301705396, Lev: 50
2026-01-13 01:20:45,024 INFO AI Action: HOLD, Price: 91706.8, RSI: 45.68436577612994, ATR: 33.91938503037237, Lev: 50
2026-01-13 01:21:46,816 INFO AI Action: SELL, Price: 91707.4, RSI: 45.77332488037037, ATR: 33.23130131142731, Lev: 50
2026-01-13 01:21:48,146 INFO Attaching Bracket -> SL: 92165 | TP: 91248
2026-01-13 01:21:49,505 ERROR Order Failed: {'error': {'code': 'ip_not_whitelisted_for_api_key', 'context': {'client_ip': '162.44.150.11'}}, 'success': False}
2026-01-13 01:22:51,293 INFO AI Action: HOLD, Price: 91777.9, RSI: 56.09944058432354, ATR: 37.50938098145684, Lev: 50
2026-01-13 01:23:52,830 INFO AI Action: SELL, Price: 91813.4, RSI: 60.27815794482804, ATR: 37.36988758601769, Lev: 50
2026-01-13 01:23:53,950 INFO Attaching Bracket -> SL: 92272 | TP: 91354
2026-01-13 01:23:55,231 ERROR Order Failed: {'error': {'code': 'ip_not_whitelisted_for_api_key', 'context': {'client_ip': '162.44.150.11'}}, 'success': False}
2026-01-13 01:24:56,926 INFO AI Action: SELL, Price: 91790.8, RSI: 56.654139551952454, ATR: 37.58215652815307, Lev: 50
2026-01-13 01:24:58,077 INFO Attaching Bracket -> SL: 92249 | TP: 91331
2026-01-13 01:24:59,532 ERROR Order Failed: {'error': {'code': 'ip_not_whitelisted_for_api_key', 'context': {'client_ip': '162.44.150.11'}}, 'success': False}
2026-01-13 01:26:01,477 INFO AI Action: HOLD, Price: 91791.5, RSI: 55.40341134413758, ATR: 37.100436108080494, Lev: 50
2026-01-13 01:27:02,641 INFO AI Action: SELL, Price: 91805.3, RSI: 57.044108392495005, ATR: 36.67309160205998, Lev: 50
2026-01-13 01:27:03,577 INFO Attaching Bracket -> SL: 92264 | TP: 91346
2026-01-13 01:27:04,344 ERROR Order Failed: {'error': {'code': 'ip_not_whitelisted_for_api_key', 'context': {'client_ip': '162.44.150.11'}}, 'success': False}
2026-01-13 01:28:06,010 INFO AI Action: SELL, Price: 91814.4, RSI: 58.32374127032235, ATR: 34.70545944334763, Lev: 50
2026-01-13 01:28:07,278 INFO Attaching Bracket -> SL: 92273 | TP: 91355
2026-01-13 01:28:08,848 ERROR Order Failed: {'error': {'code': 'ip_not_whitelisted_for_api_key', 'context': {'client_ip': '162.44.150.11'}}, 'success': False}
2026-01-13 01:29:10,412 INFO AI Action: SELL, Price: 91793.3, RSI: 54.686988355768186, ATR: 33.92740477270079, Lev: 50
2026-01-13 01:29:11,773 INFO Attaching Bracket -> SL: 92252 | TP: 91334
2026-01-13 01:29:13,312 ERROR Order Failed: {'error': {'code': 'ip_not_whitelisted_for_api_key', 'context': {'client_ip': '162.44.150.11'}}, 'success': False}
2026-01-13 01:30:15,098 INFO AI Action: HOLD, Price: 91821.9, RSI: 58.282299550314626, ATR: 33.54287486097653, Lev: 50
2026-01-13 01:31:16,951 INFO AI Action: SELL, Price: 91789.8, RSI: 53.132917099295284, ATR: 35.09520555266616, Lev: 50
2026-01-13 01:31:18,554 INFO Attaching Bracket -> SL: 92248 | TP: 91330
2026-01-13 01:31:19,993 ERROR Order Failed: {'error': {'code': 'ip_not_whitelisted_for_api_key', 'context': {'client_ip': '162.44.150.11'}}, 'success': False}
2026-01-13 01:32:21,621 INFO AI Action: HOLD, Price: 91866.1, RSI: 61.886151301380714, ATR: 38.040208278105666, Lev: 50
2026-01-13 01:33:23,241 INFO AI Action: SELL, Price: 91874.9, RSI: 62.73712912618707, ATR: 37.35127128732203, Lev: 50
2026-01-13 01:33:24,481 INFO Attaching Bracket -> SL: 92334 | TP: 91415
2026-01-13 01:33:25,692 ERROR Order Failed: {'error': {'code': 'ip_not_whitelisted_for_api_key', 'context': {'client_ip': '162.44.150.11'}}, 'success': False}
2026-01-13 01:34:27,266 INFO AI Action: SELL, Price: 91962.0, RSI: 69.99714896150371, ATR: 42.396870419841356, Lev: 50
2026-01-13 01:34:28,673 INFO Attaching Bracket -> SL: 92421 | TP: 91502
2026-01-13 01:34:30,265 ERROR Order Failed: {'error': {'code': 'ip_not_whitelisted_for_api_key', 'context': {'client_ip': '162.44.150.11'}}, 'success': False}
2026-01-13 01:35:32,025 INFO AI Action: HOLD, Price: 91952.8, RSI: 68.56077437111162, ATR: 46.30806903883553, Lev: 50
2026-01-13 01:36:33,734 INFO AI Action: HOLD, Price: 91948.3, RSI: 67.74723834490231, ATR: 43.99603119949565, Lev: 50
2026-01-13 01:37:35,473 INFO AI Action: HOLD, Price: 92013.8, RSI: 72.63574707759803, ATR: 45.59396515101653, Lev: 50
2026-01-13 01:38:37,992 INFO AI Action: HOLD, Price: 91988.7, RSI: 68.31074378270837, ATR: 45.128996800310254, Lev: 50
2026-01-13 01:39:39,782 INFO AI Action: SELL, Price: 91951.1, RSI: 62.26407475066995, ATR: 44.6577089711037, Lev: 50
2026-01-13 01:39:41,343 INFO Attaching Bracket -> SL: 92410 | TP: 91491
2026-01-13 01:39:42,832 ERROR Order Failed: {'error': {'code': 'ip_not_whitelisted_for_api_key', 'context': {'client_ip': '162.44.150.11'}}, 'success': False}
2026-01-13 01:40:44,588 INFO AI Action: HOLD, Price: 91865.3, RSI: 51.46356647747458, ATR: 47.66162710043658, Lev: 50
2026-01-13 01:41:01,268 INFO KeyboardInterrupt: Bot stopped by user.
2026-01-13 18:34:24,335 INFO Bot initialized. Model loaded from models\best_model.zip
2026-01-13 18:34:27,963 INFO AI Action: BUY, Price: 91971.6, RSI: 36.38269030564533, ATR: 29.122247348538743, Lev: 50
2026-01-13 18:34:29,566 INFO Attaching Bracket -> SL: 91741 | TP: 92431
2026-01-13 18:34:35,101 INFO Entered LONG at 91971.6 (SL: 91741, TP: 92431)
2026-01-13 18:35:36,266 INFO AI Action: BUY, Price: 91965.5, RSI: 35.54432333464773, ATR: 29.548727094501807, Lev: 50
2026-01-13 18:36:38,173 INFO AI Action: HOLD, Price: 91987.6, RSI: 40.7708046944192, ATR: 29.01857017201471, Lev: 50
2026-01-13 18:37:40,333 INFO AI Action: HOLD, Price: 91977.0, RSI: 39.1281554288742, ATR: 28.13449339179021, Lev: 50
2026-01-13 18:38:42,232 INFO AI Action: BUY, Price: 92002.4, RSI: 44.85760076066367, ATR: 27.9923032852356, Lev: 50
2026-01-13 18:39:44,216 INFO AI Action: BUY, Price: 92065.3, RSI: 55.90501910005472, ATR: 31.045706352929056, Lev: 50
2026-01-13 18:40:46,121 INFO AI Action: HOLD, Price: 92029.8, RSI: 49.834359012622755, ATR: 32.317209195601166, Lev: 50
2026-01-13 18:41:47,249 INFO AI Action: BUY, Price: 92008.5, RSI: 46.50205448071065, ATR: 31.534054769636974, Lev: 50
2026-01-13 18:42:49,086 INFO AI Action: HOLD, Price: 92020.7, RSI: 48.53326089527614, ATR: 30.758194621460234, Lev: 50
2026-01-13 18:43:50,765 INFO AI Action: HOLD, Price: 91962.9, RSI: 40.610784876245305, ATR: 33.371914818611444, Lev: 50
2026-01-13 18:44:52,614 INFO AI Action: BUY, Price: 91987.9, RSI: 44.85455234944328, ATR: 32.76641680219929, Lev: 50
2026-01-13 18:45:54,376 INFO AI Action: BUY, Price: 91972.0, RSI: 42.827124316505866, ATR: 31.586989796398345, Lev: 50
2026-01-13 18:46:56,204 INFO AI Action: HOLD, Price: 91981.8, RSI: 44.48667432937985, ATR: 30.084912262081264, Lev: 50
2026-01-13 18:47:57,887 INFO AI Action: HOLD, Price: 92000.8, RSI: 47.6799191221802, ATR: 29.29203012548107, Lev: 50
2026-01-13 18:48:59,713 INFO AI Action: HOLD, Price: 91993.2, RSI: 46.57392059498926, ATR: 27.75538392129455, Lev: 50
2026-01-13 18:50:01,233 INFO AI Action: BUY, Price: 91958.8, RSI: 41.529481057686105, ATR: 29.190009062505005, Lev: 50
2026-01-13 18:51:03,431 INFO AI Action: BUY, Price: 91966.2, RSI: 42.93647649879329, ATR: 27.661481983316236, Lev: 50
2026-01-13 18:52:05,419 INFO AI Action: BUY, Price: 91960.6, RSI: 42.10222414227534, ATR: 28.835401171899658, Lev: 50
2026-01-13 18:53:07,446 INFO AI Action: BUY, Price: 91977.3, RSI: 45.58079471965637, ATR: 28.055444096922805, Lev: 50
2026-01-13 18:54:09,301 INFO AI Action: HOLD, Price: 91980.9, RSI: 46.398753873918615, ATR: 26.361667495976178, Lev: 50
2026-01-13 18:55:12,356 INFO AI Action: BUY, Price: 91989.5, RSI: 48.134543212756164, ATR: 25.765948921945643, Lev: 50
2026-01-13 18:56:15,196 INFO AI Action: BUY, Price: 92004.5, RSI: 51.19423108590916, ATR: 25.694882214941607, Lev: 50
2026-01-13 18:57:16,948 INFO AI Action: HOLD, Price: 92028.2, RSI: 55.83896418847501, ATR: 27.316867625284615, Lev: 50
2026-01-13 18:58:18,566 INFO AI Action: HOLD, Price: 92074.2, RSI: 63.011420200246164, ATR: 29.23536794546021, Lev: 50
2026-01-13 18:59:20,164 INFO AI Action: BUY, Price: 92060.0, RSI: 59.82729546215702, ATR: 31.01164750745663, Lev: 50
2026-01-13 19:00:22,035 INFO AI Action: BUY, Price: 92099.2, RSI: 65.09733228168548, ATR: 31.868055916522742, Lev: 50
2026-01-13 19:01:23,240 INFO AI Action: HOLD, Price: 92224.2, RSI: 76.04403414110797, ATR: 61.694205064400876, Lev: 50
2026-01-13 19:02:24,340 INFO AI Action: HOLD, Price: 92310.4, RSI: 80.5846756360687, ATR: 71.76671329909516, Lev: 50
2026-01-13 19:03:26,684 ERROR Order Failed: {'error': {'code': 'no_position_for_reduce_only'}, 'success': False}
2026-01-13 19:03:26,685 INFO AI Action: HOLD, Price: 92525.7, RSI: 87.1126211741226, ATR: 84.49325558674671, Lev: 50
2026-01-13 19:04:30,172 ERROR Order Failed: {'error': {'code': 'no_position_for_reduce_only'}, 'success': False}
2026-01-13 19:04:30,174 INFO AI Action: BUY, Price: 92099.1, RSI: 50.68054230880702, ATR: 113.90596862963636, Lev: 50
2026-01-13 19:05:33,234 ERROR Order Failed: {'error': {'code': 'no_position_for_reduce_only'}, 'success': False}
2026-01-13 19:05:33,236 INFO AI Action: HOLD, Price: 92191.5, RSI: 55.05478613970508, ATR: 115.10765741793264, Lev: 50
2026-01-13 19:06:36,315 ERROR Order Failed: {'error': {'code': 'no_position_for_reduce_only'}, 'success': False}
2026-01-13 19:06:36,318 INFO AI Action: HOLD, Price: 92335.5, RSI: 60.901435404359496, ATR: 118.6065009798744, Lev: 50
2026-01-13 19:07:39,264 ERROR Order Failed: {'error': {'code': 'no_position_for_reduce_only'}, 'success': False}
2026-01-13 19:07:39,265 INFO AI Action: HOLD, Price: 92377.5, RSI: 62.438841608766474, ATR: 116.61243591615715, Lev: 50
2026-01-13 19:08:42,615 ERROR Order Failed: {'error': {'code': 'no_position_for_reduce_only'}, 'success': False}
2026-01-13 19:08:42,618 INFO AI Action: HOLD, Price: 92271.7, RSI: 56.45964918580892, ATR: 120.8989150184484, Lev: 50
2026-01-13 19:09:02,442 INFO KeyboardInterrupt: Bot stopped by user.
2026-01-13 19:10:04,142 Bot initialized. Model loaded.
2026-01-13 19:10:11,455 Bracket Order -> SL: 91824 | TP: 92422
2026-01-13 19:10:12,722 Entered LONG. SL: 91824, TP: 92422
2026-01-13 19:11:17,449 Position closed on Exchange (SL/TP likely hit). Resetting local state.
2026-01-13 19:15:33,873 Bracket Order -> SL: 91923 | TP: 92522
2026-01-13 19:15:35,401 Order Failed: {'error': {'code': 'bracket_order_position_exists'}, 'success': False}
2026-01-13 19:16:40,835 Bracket Order -> SL: 91860 | TP: 92459
2026-01-13 19:16:42,281 Order Failed: {'error': {'code': 'bracket_order_position_exists'}, 'success': False}
2026-01-13 19:19:54,349 Bot initialized. Model loaded.
2026-01-13 19:20:00,460 Pos Fetch Failed (Server): {'error': {'code': 'bad_schema', 'context': {'schema_errors': [{'code': 'validation_error', 'message': 'one out of product_id or underlying_asset_symbol is required', 'param': 'product_id'}, {'code': 'validation_error', 'message': 'one out of product_id or underlying_asset_symbol is required', 'param': 'underlying_asset_symbol'}]}}, 'success': False}
2026-01-13 19:20:01,298 Position sync failed. Holding state.
2026-01-13 19:20:07,951 Pos Fetch Failed (Server): {'error': {'code': 'bad_schema', 'context': {'schema_errors': [{'code': 'validation_error', 'message': 'one out of product_id or underlying_asset_symbol is required', 'param': 'product_id'}, {'code': 'validation_error', 'message': 'one out of product_id or underlying_asset_symbol is required', 'param': 'underlying_asset_symbol'}]}}, 'success': False}
2026-01-13 19:20:08,800 Position sync failed. Holding state.
2026-01-13 19:20:15,424 Pos Fetch Failed (Server): {'error': {'code': 'bad_schema', 'context': {'schema_errors': [{'code': 'validation_error', 'message': 'one out of product_id or underlying_asset_symbol is required', 'param': 'product_id'}, {'code': 'validation_error', 'message': 'one out of product_id or underlying_asset_symbol is required', 'param': 'underlying_asset_symbol'}]}}, 'success': False}
2026-01-13 19:20:16,262 Position sync failed. Holding state.
2026-01-13 19:20:22,896 Pos Fetch Failed (Server): {'error': {'code': 'bad_schema', 'context': {'schema_errors': [{'code': 'validation_error', 'message': 'one out of product_id or underlying_asset_symbol is required', 'param': 'product_id'}, {'code': 'validation_error', 'message': 'one out of product_id or underlying_asset_symbol is required', 'param': 'underlying_asset_symbol'}]}}, 'success': False}
2026-01-13 19:20:23,698 Position sync failed. Holding state.
2026-01-13 19:20:30,406 Pos Fetch Failed (Server): {'error': {'code': 'bad_schema', 'context': {'schema_errors': [{'code': 'validation_error', 'message': 'one out of product_id or underlying_asset_symbol is required', 'param': 'product_id'}, {'code': 'validation_error', 'message': 'one out of product_id or underlying_asset_symbol is required', 'param': 'underlying_asset_symbol'}]}}, 'success': False}
2026-01-13 19:20:31,610 Position sync failed. Holding state.
2026-01-13 19:20:38,473 Pos Fetch Failed (Server): {'error': {'code': 'bad_schema', 'context': {'schema_errors': [{'code': 'validation_error', 'message': 'one out of product_id or underlying_asset_symbol is required', 'param': 'product_id'}, {'code': 'validation_error', 'message': 'one out of product_id or underlying_asset_symbol is required', 'param': 'underlying_asset_symbol'}]}}, 'success': False}
2026-01-13 19:20:39,315 Position sync failed. Holding state.
2026-01-13 19:20:45,913 Pos Fetch Failed (Server): {'error': {'code': 'bad_schema', 'context': {'schema_errors': [{'code': 'validation_error', 'message': 'one out of product_id or underlying_asset_symbol is required', 'param': 'product_id'}, {'code': 'validation_error', 'message': 'one out of product_id or underlying_asset_symbol is required', 'param': 'underlying_asset_symbol'}]}}, 'success': False}
2026-01-13 19:20:46,763 Position sync failed. Holding state.
2026-01-13 19:20:53,387 Pos Fetch Failed (Server): {'error': {'code': 'bad_schema', 'context': {'schema_errors': [{'code': 'validation_error', 'message': 'one out of product_id or underlying_asset_symbol is required', 'param': 'product_id'}, {'code': 'validation_error', 'message': 'one out of product_id or underlying_asset_symbol is required', 'param': 'underlying_asset_symbol'}]}}, 'success': False}
2026-01-13 19:20:54,217 Position sync failed. Holding state.
2026-01-13 19:21:01,060 Pos Fetch Failed (Server): {'error': {'code': 'bad_schema', 'context': {'schema_errors': [{'code': 'validation_error', 'message': 'one out of product_id or underlying_asset_symbol is required', 'param': 'product_id'}, {'code': 'validation_error', 'message': 'one out of product_id or underlying_asset_symbol is required', 'param': 'underlying_asset_symbol'}]}}, 'success': False}
2026-01-13 19:21:01,959 Position sync failed. Holding state.
2026-01-13 19:21:08,753 Pos Fetch Failed (Server): {'error': {'code': 'bad_schema', 'context': {'schema_errors': [{'code': 'validation_error', 'message': 'one out of product_id or underlying_asset_symbol is required', 'param': 'product_id'}, {'code': 'validation_error', 'message': 'one out of product_id or underlying_asset_symbol is required', 'param': 'underlying_asset_symbol'}]}}, 'success': False}
2026-01-13 19:21:09,577 Position sync failed. Holding state.
2026-01-13 19:21:16,500 Pos Fetch Failed (Server): {'error': {'code': 'bad_schema', 'context': {'schema_errors': [{'code': 'validation_error', 'message': 'one out of product_id or underlying_asset_symbol is required', 'param': 'product_id'}, {'code': 'validation_error', 'message': 'one out of product_id or underlying_asset_symbol is required', 'param': 'underlying_asset_symbol'}]}}, 'success': False}
2026-01-13 19:21:17,450 Position sync failed. Holding state.
2026-01-13 19:21:24,324 Pos Fetch Failed (Server): {'error': {'code': 'bad_schema', 'context': {'schema_errors': [{'code': 'validation_error', 'message': 'one out of product_id or underlying_asset_symbol is required', 'param': 'product_id'}, {'code': 'validation_error', 'message': 'one out of product_id or underlying_asset_symbol is required', 'param': 'underlying_asset_symbol'}]}}, 'success': False}
2026-01-13 19:21:25,212 Position sync failed. Holding state.
2026-01-13 19:21:31,921 Pos Fetch Failed (Server): {'error': {'code': 'bad_schema', 'context': {'schema_errors': [{'code': 'validation_error', 'message': 'one out of product_id or underlying_asset_symbol is required', 'param': 'product_id'}, {'code': 'validation_error', 'message': 'one out of product_id or underlying_asset_symbol is required', 'param': 'underlying_asset_symbol'}]}}, 'success': False}
2026-01-13 19:21:32,773 Position sync failed. Holding state.
2026-01-13 19:21:39,489 Pos Fetch Failed (Server): {'error': {'code': 'bad_schema', 'context': {'schema_errors': [{'code': 'validation_error', 'message': 'one out of product_id or underlying_asset_symbol is required', 'param': 'product_id'}, {'code': 'validation_error', 'message': 'one out of product_id or underlying_asset_symbol is required', 'param': 'underlying_asset_symbol'}]}}, 'success': False}
2026-01-13 19:21:40,351 Position sync failed. Holding state.
2026-01-13 19:21:47,031 Pos Fetch Failed (Server): {'error': {'code': 'bad_schema', 'context': {'schema_errors': [{'code': 'validation_error', 'message': 'one out of product_id or underlying_asset_symbol is required', 'param': 'product_id'}, {'code': 'validation_error', 'message': 'one out of product_id or underlying_asset_symbol is required', 'param': 'underlying_asset_symbol'}]}}, 'success': False}
2026-01-13 19:21:47,945 Position sync failed. Holding state.
2026-01-13 19:21:54,331 Pos Fetch Failed (Server): {'error': {'code': 'bad_schema', 'context': {'schema_errors': [{'code': 'validation_error', 'message': 'one out of product_id or underlying_asset_symbol is required', 'param': 'product_id'}, {'code': 'validation_error', 'message': 'one out of product_id or underlying_asset_symbol is required', 'param': 'underlying_asset_symbol'}]}}, 'success': False}
2026-01-13 19:21:55,347 No live data.
2026-01-13 19:22:02,164 Pos Fetch Failed (Server): {'error': {'code': 'bad_schema', 'context': {'schema_errors': [{'code': 'validation_error', 'message': 'one out of product_id or underlying_asset_symbol is required', 'param': 'product_id'}, {'code': 'validation_error', 'message': 'one out of product_id or underlying_asset_symbol is required', 'param': 'underlying_asset_symbol'}]}}, 'success': False}
2026-01-13 19:22:03,046 Position sync failed. Holding state.
2026-01-13 19:22:09,918 Pos Fetch Failed (Server): {'error': {'code': 'bad_schema', 'context': {'schema_errors': [{'code': 'validation_error', 'message': 'one out of product_id or underlying_asset_symbol is required', 'param': 'product_id'}, {'code': 'validation_error', 'message': 'one out of product_id or underlying_asset_symbol is required', 'param': 'underlying_asset_symbol'}]}}, 'success': False}
2026-01-13 19:22:10,734 Position sync failed. Holding state.
2026-01-13 19:22:26,423 Bot initialized. Model loaded.
2026-01-13 19:22:32,397 Pos Fetch Failed (Server): {'error': {'code': 'bad_schema', 'context': {'schema_errors': [{'code': 'validation_error', 'message': 'one out of product_id or underlying_asset_symbol is required', 'param': 'product_id'}, {'code': 'validation_error', 'message': 'one out of product_id or underlying_asset_symbol is required', 'param': 'underlying_asset_symbol'}]}}, 'success': False}
2026-01-13 19:22:33,221 Position sync failed. Holding state.
2026-01-13 19:22:39,860 Pos Fetch Failed (Server): {'error': {'code': 'bad_schema', 'context': {'schema_errors': [{'code': 'validation_error', 'message': 'one out of product_id or underlying_asset_symbol is required', 'param': 'product_id'}, {'code': 'validation_error', 'message': 'one out of product_id or underlying_asset_symbol is required', 'param': 'underlying_asset_symbol'}]}}, 'success': False}
2026-01-13 19:22:40,698 Position sync failed. Holding state.
2026-01-13 19:22:48,132 Pos Fetch Failed (Server): {'error': {'code': 'bad_schema', 'context': {'schema_errors': [{'code': 'validation_error', 'message': 'one out of product_id or underlying_asset_symbol is required', 'param': 'product_id'}, {'code': 'validation_error', 'message': 'one out of product_id or underlying_asset_symbol is required', 'param': 'underlying_asset_symbol'}]}}, 'success': False}
2026-01-13 19:22:49,430 Position sync failed. Holding state.
2026-01-13 19:22:56,059 Pos Fetch Failed (Server): {'error': {'code': 'bad_schema', 'context': {'schema_errors': [{'code': 'validation_error', 'message': 'one out of product_id or underlying_asset_symbol is required', 'param': 'product_id'}, {'code': 'validation_error', 'message': 'one out of product_id or underlying_asset_symbol is required', 'param': 'underlying_asset_symbol'}]}}, 'success': False}
2026-01-13 19:22:56,881 Position sync failed. Holding state.
2026-01-13 19:23:03,665 Pos Fetch Failed (Server): {'error': {'code': 'bad_schema', 'context': {'schema_errors': [{'code': 'validation_error', 'message': 'one out of product_id or underlying_asset_symbol is required', 'param': 'product_id'}, {'code': 'validation_error', 'message': 'one out of product_id or underlying_asset_symbol is required', 'param': 'underlying_asset_symbol'}]}}, 'success': False}
2026-01-13 19:23:04,489 Position sync failed. Holding state.
2026-01-13 19:23:11,254 Pos Fetch Failed (Server): {'error': {'code': 'bad_schema', 'context': {'schema_errors': [{'code': 'validation_error', 'message': 'one out of product_id or underlying_asset_symbol is required', 'param': 'product_id'}, {'code': 'validation_error', 'message': 'one out of product_id or underlying_asset_symbol is required', 'param': 'underlying_asset_symbol'}]}}, 'success': False}
2026-01-13 19:23:12,114 Position sync failed. Holding state.
2026-01-13 19:23:18,743 Pos Fetch Failed (Server): {'error': {'code': 'bad_schema', 'context': {'schema_errors': [{'code': 'validation_error', 'message': 'one out of product_id or underlying_asset_symbol is required', 'param': 'product_id'}, {'code': 'validation_error', 'message': 'one out of product_id or underlying_asset_symbol is required', 'param': 'underlying_asset_symbol'}]}}, 'success': False}
2026-01-13 19:23:19,563 Position sync failed. Holding state.
2026-01-13 19:23:26,269 Pos Fetch Failed (Server): {'error': {'code': 'bad_schema', 'context': {'schema_errors': [{'code': 'validation_error', 'message': 'one out of product_id or underlying_asset_symbol is required', 'param': 'product_id'}, {'code': 'validation_error', 'message': 'one out of product_id or underlying_asset_symbol is required', 'param': 'underlying_asset_symbol'}]}}, 'success': False}
2026-01-13 19:23:27,078 Position sync failed. Holding state.
2026-01-13 19:23:33,693 Pos Fetch Failed (Server): {'error': {'code': 'bad_schema', 'context': {'schema_errors': [{'code': 'validation_error', 'message': 'one out of product_id or underlying_asset_symbol is required', 'param': 'product_id'}, {'code': 'validation_error', 'message': 'one out of product_id or underlying_asset_symbol is required', 'param': 'underlying_asset_symbol'}]}}, 'success': False}
2026-01-13 19:23:34,513 Position sync failed. Holding state.
2026-01-13 19:23:41,420 Pos Fetch Failed (Server): {'error': {'code': 'bad_schema', 'context': {'schema_errors': [{'code': 'validation_error', 'message': 'one out of product_id or underlying_asset_symbol is required', 'param': 'product_id'}, {'code': 'validation_error', 'message': 'one out of product_id or underlying_asset_symbol is required', 'param': 'underlying_asset_symbol'}]}}, 'success': False}
2026-01-13 19:23:42,278 Position sync failed. Holding state.
2026-01-13 19:23:49,246 Pos Fetch Failed (Server): {'error': {'code': 'bad_schema', 'context': {'schema_errors': [{'code': 'validation_error', 'message': 'one out of product_id or underlying_asset_symbol is required', 'param': 'product_id'}, {'code': 'validation_error', 'message': 'one out of product_id or underlying_asset_symbol is required', 'param': 'underlying_asset_symbol'}]}}, 'success': False}
2026-01-13 19:23:50,130 Position sync failed. Holding state.
2026-01-13 19:50:45,718 Bot initialized. Model loaded.
2026-01-13 19:50:51,219 Pos Fetch Failed (API Error): {'error': {'code': 'Signature Mismatch', 'context': {'signature_data': 'GET1768314050/v2/positions?product_id=84'}}, 'success': False}
2026-01-13 19:50:52,069 Position sync failed. Holding state.
2026-01-13 19:50:55,762 Pos Fetch Failed (API Error): {'error': {'code': 'Signature Mismatch', 'context': {'signature_data': 'GET1768314054/v2/positions?product_id=84'}}, 'success': False}
2026-01-13 19:50:56,694 Position sync failed. Holding state.
2026-01-13 19:51:00,310 Pos Fetch Failed (API Error): {'error': {'code': 'Signature Mismatch', 'context': {'signature_data': 'GET1768314059/v2/positions?product_id=84'}}, 'success': False}
2026-01-13 19:51:01,136 Position sync failed. Holding state.
2026-01-13 19:51:04,898 Pos Fetch Failed (API Error): {'error': {'code': 'Signature Mismatch', 'context': {'signature_data': 'GET1768314064/v2/positions?product_id=84'}}, 'success': False}
2026-01-13 19:51:05,705 Position sync failed. Holding state.
2026-01-13 19:51:09,531 Pos Fetch Failed (API Error): {'error': {'code': 'Signature Mismatch', 'context': {'signature_data': 'GET1768314068/v2/positions?product_id=84'}}, 'success': False}
2026-01-13 19:51:10,500 Position sync failed. Holding state.
2026-01-13 19:55:36,346 Bot initialized. Model loaded.
2026-01-13 19:55:43,617 Pos Fetch Network Error: string indices must be integers, not 'str'
2026-01-13 19:55:45,077 Position sync failed. Holding state.
2026-01-13 19:55:53,037 Pos Fetch Network Error: string indices must be integers, not 'str'
2026-01-13 19:55:54,345 Position sync failed. Holding state.
2026-01-13 19:56:02,383 Pos Fetch Network Error: string indices must be integers, not 'str'
2026-01-13 19:56:03,736 Position sync failed. Holding state.
2026-01-13 19:56:11,499 Pos Fetch Network Error: string indices must be integers, not 'str'

2026-01-13 22:38:19,548 Bot initialized. Model loaded.
2026-01-13 22:39:33,540 Bracket Order -> SL: 93409 | TP: 93783
2026-01-13 22:40:40,221 Position closed externally. Resetting.
2026-01-13 22:49:37,241 Bot initialized. Model loaded.
2026-01-13 22:49:43,091 Pos Fetch Failed (Server): {'error': {'code': 'bad_schema', 'context': {'schema_errors': [{'code': 'validation_error', 'message': 'one out of product_id or underlying_asset_symbol is required', 'param': 'product_id'}, {'code': 'validation_error', 'message': 'one out of product_id or underlying_asset_symbol is required', 'param': 'underlying_asset_symbol'}]}}, 'success': False}
2026-01-13 22:49:43,917 Position sync failed. Holding state.
2026-01-13 22:49:47,616 Pos Fetch Failed (Server): {'error': {'code': 'bad_schema', 'context': {'schema_errors': [{'code': 'validation_error', 'message': 'one out of product_id or underlying_asset_symbol is required', 'param': 'product_id'}, {'code': 'validation_error', 'message': 'one out of product_id or underlying_asset_symbol is required', 'param': 'underlying_asset_symbol'}]}}, 'success': False}
2026-01-13 22:49:48,435 Position sync failed. Holding state.
2026-01-13 22:49:52,116 Pos Fetch Failed (Server): {'error': {'code': 'bad_schema', 'context': {'schema_errors': [{'code': 'validation_error', 'message': 'one out of product_id or underlying_asset_symbol is required', 'param': 'product_id'}, {'code': 'validation_error', 'message': 'one out of product_id or underlying_asset_symbol is required', 'param': 'underlying_asset_symbol'}]}}, 'success': False}
2026-01-13 22:49:52,936 Position sync failed. Holding state.
2026-01-13 22:52:08,232 Bot initialized. Model loaded.
2026-01-13 22:52:15,409 Bracket Order -> SL: 93409 | TP: 93783
2026-01-13 22:53:19,878 Position size 0 detected (1/3). Waiting confirmation...
2026-01-13 22:54:22,977 Position size 0 detected (2/3). Waiting confirmation...
2026-01-13 22:55:27,955 Position closed externally (Confirmed). Resetting.
2026-01-13 22:55:29,364 Bracket Order -> SL: 93417 | TP: 93791
2026-01-13 22:55:30,796 Order Rejected: Position already exists. Syncing state...
2026-01-13 22:56:36,292 Position size 0 detected (1/3). Waiting confirmation...
2026-01-13 22:56:37,640 Order Failed: {'error': {'code': 'negative_order_size'}, 'success': False}
2026-01-13 22:57:41,709 Bracket Order -> SL: 93409 | TP: 93783
2026-01-13 22:57:42,539 Order Rejected: Position already exists. Syncing state...
2026-01-13 22:58:45,563 Position size 0 detected (1/3). Waiting confirmation...
2026-01-13 22:58:46,605 Order Failed: {'error': {'code': 'negative_order_size'}, 'success': False}
2026-01-13 22:58:47,394 Bracket Order -> SL: 93417 | TP: 93791
2026-01-13 22:58:48,242 Order Rejected: Position already exists. Syncing state...
2026-01-13 22:59:52,747 Position size 0 detected (2/3). Waiting confirmation...
2026-01-13 22:59:54,015 Order Failed: {'error': {'code': 'negative_order_size'}, 'success': False}
2026-01-13 23:02:04,664 Bracket Order -> SL: 93417 | TP: 93791
2026-01-13 23:02:05,998 Order Rejected: Position already exists. Syncing state...
2026-01-13 23:03:11,226 Position size 0 detected (1/3). Waiting confirmation...
2026-01-13 23:03:12,447 Order Failed: {'error': {'code': 'negative_order_size'}, 'success': False}
2026-01-13 23:04:18,700 Bracket Order -> SL: 93417 | TP: 93791
2026-01-13 23:04:20,004 Order Rejected: Position already exists. Syncing state...
2026-01-13 23:05:24,622 Position size 0 detected (1/3). Waiting confirmation...
2026-01-13 23:05:26,030 Order Failed: {'error': {'code': 'negative_order_size'}, 'success': False}
2026-01-13 23:06:38,950 Bot initialized. Model loaded.
2026-01-13 23:07:50,625 Bracket Order -> SL: 93362 | TP: 94064
2026-01-13 23:08:56,277 Position size 0 detected (1/3). Waiting confirmation...
2026-01-13 23:09:59,541 Position size 0 detected (2/3). Waiting confirmation...
2026-01-13 23:11:02,787 Position closed externally (Confirmed). Resetting.
2026-01-13 23:12:06,710 Bracket Order -> SL: 93370 | TP: 94072
2026-01-13 23:13:11,188 Position size 0 detected (1/3). Waiting confirmation...
2026-01-13 23:13:12,027 Order Failed: {'error': {'code': 'negative_order_size'}, 'success': False}
2026-01-13 23:14:17,972 Bracket Order -> SL: 93362 | TP: 94064
2026-01-13 23:15:24,321 Position size 0 detected (1/3). Waiting confirmation...
2026-01-13 23:15:25,626 Order Failed: {'error': {'code': 'negative_order_size'}, 'success': False}
2026-01-13 23:16:31,590 Bracket Order -> SL: 93370 | TP: 94072
2026-01-13 23:17:38,143 Position size 0 detected (1/3). Waiting confirmation...
2026-01-13 23:17:39,435 Order Failed: {'error': {'code': 'negative_order_size'}, 'success': False}
2026-01-13 23:17:40,643 Bracket Order -> SL: 93370 | TP: 94072
2026-01-13 23:18:46,653 Position size 0 detected (2/3). Waiting confirmation...
2026-01-13 23:18:47,891 Order Failed: {'error': {'code': 'negative_order_size'}, 'success': False}
2026-01-13 23:22:05,527 Bracket Order -> SL: 93362 | TP: 94064
2026-01-13 23:23:11,920 Position size 0 detected (1/3). Waiting confirmation...
2026-01-13 23:23:13,165 Order Failed: {'error': {'code': 'negative_order_size'}, 'success': False}
2026-01-13 23:25:32,586 Bot initialized. Model loaded.
2026-01-13 23:25:38,301 Pos Fetch Failed (Server): {'error': {'code': 'bad_schema', 'context': {'schema_errors': [{'code': 'validation_error', 'message': 'one out of product_id or underlying_asset_symbol is required', 'param': 'product_id'}, {'code': 'validation_error', 'message': 'one out of product_id or underlying_asset_symbol is required', 'param': 'underlying_asset_symbol'}]}}, 'success': False}
2026-01-13 23:25:39,115 Position sync failed. Holding state.
2026-01-13 23:25:42,881 Pos Fetch Failed (Server): {'error': {'code': 'bad_schema', 'context': {'schema_errors': [{'code': 'validation_error', 'message': 'one out of product_id or underlying_asset_symbol is required', 'param': 'product_id'}, {'code': 'validation_error', 'message': 'one out of product_id or underlying_asset_symbol is required', 'param': 'underlying_asset_symbol'}]}}, 'success': False}
2026-01-13 23:25:43,719 Position sync failed. Holding state.
2026-01-13 23:25:47,384 Pos Fetch Failed (Server): {'error': {'code': 'bad_schema', 'context': {'schema_errors': [{'code': 'validation_error', 'message': 'one out of product_id or underlying_asset_symbol is required', 'param': 'product_id'}, {'code': 'validation_error', 'message': 'one out of product_id or underlying_asset_symbol is required', 'param': 'underlying_asset_symbol'}]}}, 'success': False}
2026-01-13 23:25:48,289 Position sync failed. Holding state.
2026-01-13 23:25:51,989 Pos Fetch Failed (Server): {'error': {'code': 'bad_schema', 'context': {'schema_errors': [{'code': 'validation_error', 'message': 'one out of product_id or underlying_asset_symbol is required', 'param': 'product_id'}, {'code': 'validation_error', 'message': 'one out of product_id or underlying_asset_symbol is required', 'param': 'underlying_asset_symbol'}]}}, 'success': False}
2026-01-13 23:25:52,827 Position sync failed. Holding state.
2026-01-13 23:25:56,831 Pos Fetch Failed (Server): {'error': {'code': 'bad_schema', 'context': {'schema_errors': [{'code': 'validation_error', 'message': 'one out of product_id or underlying_asset_symbol is required', 'param': 'product_id'}, {'code': 'validation_error', 'message': 'one out of product_id or underlying_asset_symbol is required', 'param': 'underlying_asset_symbol'}]}}, 'success': False}
2026-01-13 23:25:57,689 Position sync failed. Holding state.
2026-01-13 23:26:01,469 Pos Fetch Failed (Server): {'error': {'code': 'bad_schema', 'context': {'schema_errors': [{'code': 'validation_error', 'message': 'one out of product_id or underlying_asset_symbol is required', 'param': 'product_id'}, {'code': 'validation_error', 'message': 'one out of product_id or underlying_asset_symbol is required', 'param': 'underlying_asset_symbol'}]}}, 'success': False}
2026-01-13 23:26:02,391 Position sync failed. Holding state.
2026-01-13 23:26:06,091 Pos Fetch Failed (Server): {'error': {'code': 'bad_schema', 'context': {'schema_errors': [{'code': 'validation_error', 'message': 'one out of product_id or underlying_asset_symbol is required', 'param': 'product_id'}, {'code': 'validation_error', 'message': 'one out of product_id or underlying_asset_symbol is required', 'param': 'underlying_asset_symbol'}]}}, 'success': False}
2026-01-13 23:26:06,936 Position sync failed. Holding state.
2026-01-13 23:26:10,759 Pos Fetch Failed (Server): {'error': {'code': 'bad_schema', 'context': {'schema_errors': [{'code': 'validation_error', 'message': 'one out of product_id or underlying_asset_symbol is required', 'param': 'product_id'}, {'code': 'validation_error', 'message': 'one out of product_id or underlying_asset_symbol is required', 'param': 'underlying_asset_symbol'}]}}, 'success': False}
2026-01-13 23:26:11,713 Position sync failed. Holding state.
2026-01-13 23:26:16,570 Pos Fetch Failed (Server): {'error': {'code': 'bad_schema', 'context': {'schema_errors': [{'code': 'validation_error', 'message': 'one out of product_id or underlying_asset_symbol is required', 'param': 'product_id'}, {'code': 'validation_error', 'message': 'one out of product_id or underlying_asset_symbol is required', 'param': 'underlying_asset_symbol'}]}}, 'success': False}
2026-01-13 23:26:18,077 Position sync failed. Holding state.
2026-01-13 23:26:22,794 Pos Fetch Failed (Server): {'error': {'code': 'bad_schema', 'context': {'schema_errors': [{'code': 'validation_error', 'message': 'one out of product_id or underlying_asset_symbol is required', 'param': 'product_id'}, {'code': 'validation_error', 'message': 'one out of product_id or underlying_asset_symbol is required', 'param': 'underlying_asset_symbol'}]}}, 'success': False}
2026-01-13 23:26:24,040 Position sync failed. Holding state.
2026-01-13 23:26:28,597 Pos Fetch Failed (Server): {'error': {'code': 'bad_schema', 'context': {'schema_errors': [{'code': 'validation_error', 'message': 'one out of product_id or underlying_asset_symbol is required', 'param': 'product_id'}, {'code': 'validation_error', 'message': 'one out of product_id or underlying_asset_symbol is required', 'param': 'underlying_asset_symbol'}]}}, 'success': False}
2026-01-13 23:26:29,883 Position sync failed. Holding state.
2026-01-13 23:26:34,479 Pos Fetch Failed (Server): {'error': {'code': 'bad_schema', 'context': {'schema_errors': [{'code': 'validation_error', 'message': 'one out of product_id or underlying_asset_symbol is required', 'param': 'product_id'}, {'code': 'validation_error', 'message': 'one out of product_id or underlying_asset_symbol is required', 'param': 'underlying_asset_symbol'}]}}, 'success': False}
2026-01-13 23:26:35,849 Position sync failed. Holding state.
2026-01-13 23:26:40,537 Pos Fetch Failed (Server): {'error': {'code': 'bad_schema', 'context': {'schema_errors': [{'code': 'validation_error', 'message': 'one out of product_id or underlying_asset_symbol is required', 'param': 'product_id'}, {'code': 'validation_error', 'message': 'one out of product_id or underlying_asset_symbol is required', 'param': 'underlying_asset_symbol'}]}}, 'success': False}
2026-01-13 23:26:41,766 Position sync failed. Holding state.
2026-01-13 23:26:46,741 Pos Fetch Failed (Server): {'error': {'code': 'bad_schema', 'context': {'schema_errors': [{'code': 'validation_error', 'message': 'one out of product_id or underlying_asset_symbol is required', 'param': 'product_id'}, {'code': 'validation_error', 'message': 'one out of product_id or underlying_asset_symbol is required', 'param': 'underlying_asset_symbol'}]}}, 'success': False}
2026-01-13 23:26:48,224 Position sync failed. Holding state.
2026-01-13 23:26:53,240 Pos Fetch Failed (Server): {'error': {'code': 'bad_schema', 'context': {'schema_errors': [{'code': 'validation_error', 'message': 'one out of product_id or underlying_asset_symbol is required', 'param': 'product_id'}, {'code': 'validation_error', 'message': 'one out of product_id or underlying_asset_symbol is required', 'param': 'underlying_asset_symbol'}]}}, 'success': False}
2026-01-13 23:26:54,634 Position sync failed. Holding state.
2026-01-13 23:26:59,229 Pos Fetch Failed (Server): {'error': {'code': 'bad_schema', 'context': {'schema_errors': [{'code': 'validation_error', 'message': 'one out of product_id or underlying_asset_symbol is required', 'param': 'product_id'}, {'code': 'validation_error', 'message': 'one out of product_id or underlying_asset_symbol is required', 'param': 'underlying_asset_symbol'}]}}, 'success': False}
2026-01-13 23:27:00,586 Position sync failed. Holding state.
2026-01-13 23:27:05,358 Pos Fetch Failed (Server): {'error': {'code': 'bad_schema', 'context': {'schema_errors': [{'code': 'validation_error', 'message': 'one out of product_id or underlying_asset_symbol is required', 'param': 'product_id'}, {'code': 'validation_error', 'message': 'one out of product_id or underlying_asset_symbol is required', 'param': 'underlying_asset_symbol'}]}}, 'success': False}
2026-01-13 23:27:06,783 Position sync failed. Holding state.
2026-01-13 23:27:11,646 Pos Fetch Failed (Server): {'error': {'code': 'bad_schema', 'context': {'schema_errors': [{'code': 'validation_error', 'message': 'one out of product_id or underlying_asset_symbol is required', 'param': 'product_id'}, {'code': 'validation_error', 'message': 'one out of product_id or underlying_asset_symbol is required', 'param': 'underlying_asset_symbol'}]}}, 'success': False}
2026-01-13 23:27:13,018 Position sync failed. Holding state.
2026-01-13 23:27:17,646 Pos Fetch Failed (Server): {'error': {'code': 'bad_schema', 'context': {'schema_errors': [{'code': 'validation_error', 'message': 'one out of product_id or underlying_asset_symbol is required', 'param': 'product_id'}, {'code': 'validation_error', 'message': 'one out of product_id or underlying_asset_symbol is required', 'param': 'underlying_asset_symbol'}]}}, 'success': False}
2026-01-13 23:27:19,014 Position sync failed. Holding state.
2026-01-13 23:27:23,477 Pos Fetch Failed (Server): {'error': {'code': 'bad_schema', 'context': {'schema_errors': [{'code': 'validation_error', 'message': 'one out of product_id or underlying_asset_symbol is required', 'param': 'product_id'}, {'code': 'validation_error', 'message': 'one out of product_id or underlying_asset_symbol is required', 'param': 'underlying_asset_symbol'}]}}, 'success': False}
2026-01-13 23:27:24,833 Position sync failed. Holding state.
2026-01-13 23:27:29,502 Pos Fetch Failed (Server): {'error': {'code': 'bad_schema', 'context': {'schema_errors': [{'code': 'validation_error', 'message': 'one out of product_id or underlying_asset_symbol is required', 'param': 'product_id'}, {'code': 'validation_error', 'message': 'one out of product_id or underlying_asset_symbol is required', 'param': 'underlying_asset_symbol'}]}}, 'success': False}
2026-01-13 23:27:30,925 Position sync failed. Holding state.
2026-01-13 23:27:35,812 Pos Fetch Failed (Server): {'error': {'code': 'bad_schema', 'context': {'schema_errors': [{'code': 'validation_error', 'message': 'one out of product_id or underlying_asset_symbol is required', 'param': 'product_id'}, {'code': 'validation_error', 'message': 'one out of product_id or underlying_asset_symbol is required', 'param': 'underlying_asset_symbol'}]}}, 'success': False}
2026-01-13 23:27:37,214 Position sync failed. Holding state.
2026-01-13 23:27:42,094 Pos Fetch Failed (Server): {'error': {'code': 'bad_schema', 'context': {'schema_errors': [{'code': 'validation_error', 'message': 'one out of product_id or underlying_asset_symbol is required', 'param': 'product_id'}, {'code': 'validation_error', 'message': 'one out of product_id or underlying_asset_symbol is required', 'param': 'underlying_asset_symbol'}]}}, 'success': False}
2026-01-13 23:27:43,329 Position sync failed. Holding state.
2026-01-13 23:27:47,909 Pos Fetch Failed (Server): {'error': {'code': 'bad_schema', 'context': {'schema_errors': [{'code': 'validation_error', 'message': 'one out of product_id or underlying_asset_symbol is required', 'param': 'product_id'}, {'code': 'validation_error', 'message': 'one out of product_id or underlying_asset_symbol is required', 'param': 'underlying_asset_symbol'}]}}, 'success': False}
2026-01-13 23:27:49,308 Position sync failed. Holding state.
2026-01-13 23:27:53,775 Pos Fetch Failed (Server): {'error': {'code': 'bad_schema', 'context': {'schema_errors': [{'code': 'validation_error', 'message': 'one out of product_id or underlying_asset_symbol is required', 'param': 'product_id'}, {'code': 'validation_error', 'message': 'one out of product_id or underlying_asset_symbol is required', 'param': 'underlying_asset_symbol'}]}}, 'success': False}
2026-01-13 23:27:55,081 Position sync failed. Holding state.
2026-01-13 23:27:59,654 Pos Fetch Failed (Server): {'error': {'code': 'bad_schema', 'context': {'schema_errors': [{'code': 'validation_error', 'message': 'one out of product_id or underlying_asset_symbol is required', 'param': 'product_id'}, {'code': 'validation_error', 'message': 'one out of product_id or underlying_asset_symbol is required', 'param': 'underlying_asset_symbol'}]}}, 'success': False}
2026-01-13 23:28:00,881 Position sync failed. Holding state.
2026-01-13 23:28:05,578 Pos Fetch Failed (Server): {'error': {'code': 'bad_schema', 'context': {'schema_errors': [{'code': 'validation_error', 'message': 'one out of product_id or underlying_asset_symbol is required', 'param': 'product_id'}, {'code': 'validation_error', 'message': 'one out of product_id or underlying_asset_symbol is required', 'param': 'underlying_asset_symbol'}]}}, 'success': False}
2026-01-13 23:28:06,881 Position sync failed. Holding state.
2026-01-13 23:28:11,527 Pos Fetch Failed (Server): {'error': {'code': 'bad_schema', 'context': {'schema_errors': [{'code': 'validation_error', 'message': 'one out of product_id or underlying_asset_symbol is required', 'param': 'product_id'}, {'code': 'validation_error', 'message': 'one out of product_id or underlying_asset_symbol is required', 'param': 'underlying_asset_symbol'}]}}, 'success': False}
2026-01-13 23:28:12,895 Position sync failed. Holding state.
2026-01-13 23:28:17,736 Pos Fetch Failed (Server): {'error': {'code': 'bad_schema', 'context': {'schema_errors': [{'code': 'validation_error', 'message': 'one out of product_id or underlying_asset_symbol is required', 'param': 'product_id'}, {'code': 'validation_error', 'message': 'one out of product_id or underlying_asset_symbol is required', 'param': 'underlying_asset_symbol'}]}}, 'success': False}
2026-01-13 23:28:19,117 Position sync failed. Holding state.
2026-01-13 23:28:23,871 Pos Fetch Failed (Server): {'error': {'code': 'bad_schema', 'context': {'schema_errors': [{'code': 'validation_error', 'message': 'one out of product_id or underlying_asset_symbol is required', 'param': 'product_id'}, {'code': 'validation_error', 'message': 'one out of product_id or underlying_asset_symbol is required', 'param': 'underlying_asset_symbol'}]}}, 'success': False}
2026-01-13 23:28:25,332 Position sync failed. Holding state.
2026-01-13 23:28:30,252 Pos Fetch Failed (Server): {'error': {'code': 'bad_schema', 'context': {'schema_errors': [{'code': 'validation_error', 'message': 'one out of product_id or underlying_asset_symbol is required', 'param': 'product_id'}, {'code': 'validation_error', 'message': 'one out of product_id or underlying_asset_symbol is required', 'param': 'underlying_asset_symbol'}]}}, 'success': False}
2026-01-13 23:28:31,540 Position sync failed. Holding state.
2026-01-13 23:28:36,599 Pos Fetch Failed (Server): {'error': {'code': 'bad_schema', 'context': {'schema_errors': [{'code': 'validation_error', 'message': 'one out of product_id or underlying_asset_symbol is required', 'param': 'product_id'}, {'code': 'validation_error', 'message': 'one out of product_id or underlying_asset_symbol is required', 'param': 'underlying_asset_symbol'}]}}, 'success': False}
2026-01-13 23:28:37,909 Position sync failed. Holding state.
2026-01-13 23:28:42,687 Pos Fetch Failed (Server): {'error': {'code': 'bad_schema', 'context': {'schema_errors': [{'code': 'validation_error', 'message': 'one out of product_id or underlying_asset_symbol is required', 'param': 'product_id'}, {'code': 'validation_error', 'message': 'one out of product_id or underlying_asset_symbol is required', 'param': 'underlying_asset_symbol'}]}}, 'success': False}
2026-01-13 23:28:44,071 Position sync failed. Holding state.
2026-01-13 23:28:48,632 Pos Fetch Failed (Server): {'error': {'code': 'bad_schema', 'context': {'schema_errors': [{'code': 'validation_error', 'message': 'one out of product_id or underlying_asset_symbol is required', 'param': 'product_id'}, {'code': 'validation_error', 'message': 'one out of product_id or underlying_asset_symbol is required', 'param': 'underlying_asset_symbol'}]}}, 'success': False}
2026-01-13 23:28:50,206 Position sync failed. Holding state.
2026-01-13 23:28:55,176 Pos Fetch Failed (Server): {'error': {'code': 'bad_schema', 'context': {'schema_errors': [{'code': 'validation_error', 'message': 'one out of product_id or underlying_asset_symbol is required', 'param': 'product_id'}, {'code': 'validation_error', 'message': 'one out of product_id or underlying_asset_symbol is required', 'param': 'underlying_asset_symbol'}]}}, 'success': False}
2026-01-13 23:28:56,674 Position sync failed. Holding state.
2026-01-13 23:29:02,945 Pos Fetch Failed (Server): {'error': {'code': 'bad_schema', 'context': {'schema_errors': [{'code': 'validation_error', 'message': 'one out of product_id or underlying_asset_symbol is required', 'param': 'product_id'}, {'code': 'validation_error', 'message': 'one out of product_id or underlying_asset_symbol is required', 'param': 'underlying_asset_symbol'}]}}, 'success': False}
2026-01-13 23:29:05,861 Position sync failed. Holding state.
2026-01-13 23:29:11,593 Pos Fetch Failed (Server): {'error': {'code': 'bad_schema', 'context': {'schema_errors': [{'code': 'validation_error', 'message': 'one out of product_id or underlying_asset_symbol is required', 'param': 'product_id'}, {'code': 'validation_error', 'message': 'one out of product_id or underlying_asset_symbol is required', 'param': 'underlying_asset_symbol'}]}}, 'success': False}
2026-01-13 23:29:13,080 Position sync failed. Holding state.
2026-01-13 23:29:17,993 Pos Fetch Failed (Server): {'error': {'code': 'bad_schema', 'context': {'schema_errors': [{'code': 'validation_error', 'message': 'one out of product_id or underlying_asset_symbol is required', 'param': 'product_id'}, {'code': 'validation_error', 'message': 'one out of product_id or underlying_asset_symbol is required', 'param': 'underlying_asset_symbol'}]}}, 'success': False}
2026-01-13 23:29:19,680 Position sync failed. Holding state.
2026-01-13 23:29:24,393 Pos Fetch Failed (Server): {'error': {'code': 'bad_schema', 'context': {'schema_errors': [{'code': 'validation_error', 'message': 'one out of product_id or underlying_asset_symbol is required', 'param': 'product_id'}, {'code': 'validation_error', 'message': 'one out of product_id or underlying_asset_symbol is required', 'param': 'underlying_asset_symbol'}]}}, 'success': False}
2026-01-13 23:29:25,802 Position sync failed. Holding state.
2026-01-13 23:29:30,658 Pos Fetch Failed (Server): {'error': {'code': 'bad_schema', 'context': {'schema_errors': [{'code': 'validation_error', 'message': 'one out of product_id or underlying_asset_symbol is required', 'param': 'product_id'}, {'code': 'validation_error', 'message': 'one out of product_id or underlying_asset_symbol is required', 'param': 'underlying_asset_symbol'}]}}, 'success': False}
2026-01-13 23:29:32,004 Position sync failed. Holding state.
2026-01-13 23:29:37,006 Pos Fetch Failed (Server): {'error': {'code': 'bad_schema', 'context': {'schema_errors': [{'code': 'validation_error', 'message': 'one out of product_id or underlying_asset_symbol is required', 'param': 'product_id'}, {'code': 'validation_error', 'message': 'one out of product_id or underlying_asset_symbol is required', 'param': 'underlying_asset_symbol'}]}}, 'success': False}
2026-01-13 23:29:38,474 Position sync failed. Holding state.
2026-01-13 23:29:43,554 Pos Fetch Failed (Server): {'error': {'code': 'bad_schema', 'context': {'schema_errors': [{'code': 'validation_error', 'message': 'one out of product_id or underlying_asset_symbol is required', 'param': 'product_id'}, {'code': 'validation_error', 'message': 'one out of product_id or underlying_asset_symbol is required', 'param': 'underlying_asset_symbol'}]}}, 'success': False}
2026-01-13 23:29:44,958 Position sync failed. Holding state.
2026-01-13 23:29:49,436 Pos Fetch Failed (Server): {'error': {'code': 'bad_schema', 'context': {'schema_errors': [{'code': 'validation_error', 'message': 'one out of product_id or underlying_asset_symbol is required', 'param': 'product_id'}, {'code': 'validation_error', 'message': 'one out of product_id or underlying_asset_symbol is required', 'param': 'underlying_asset_symbol'}]}}, 'success': False}
2026-01-13 23:29:50,747 Position sync failed. Holding state.
2026-01-13 23:29:55,422 Pos Fetch Failed (Server): {'error': {'code': 'bad_schema', 'context': {'schema_errors': [{'code': 'validation_error', 'message': 'one out of product_id or underlying_asset_symbol is required', 'param': 'product_id'}, {'code': 'validation_error', 'message': 'one out of product_id or underlying_asset_symbol is required', 'param': 'underlying_asset_symbol'}]}}, 'success': False}
2026-01-13 23:29:56,600 Position sync failed. Holding state.
2026-01-13 23:30:00,410 Pos Fetch Failed (Server): {'error': {'code': 'bad_schema', 'context': {'schema_errors': [{'code': 'validation_error', 'message': 'one out of product_id or underlying_asset_symbol is required', 'param': 'product_id'}, {'code': 'validation_error', 'message': 'one out of product_id or underlying_asset_symbol is required', 'param': 'underlying_asset_symbol'}]}}, 'success': False}
2026-01-13 23:30:01,316 Position sync failed. Holding state.
2026-01-13 23:30:05,105 Pos Fetch Failed (Server): {'error': {'code': 'bad_schema', 'context': {'schema_errors': [{'code': 'validation_error', 'message': 'one out of product_id or underlying_asset_symbol is required', 'param': 'product_id'}, {'code': 'validation_error', 'message': 'one out of product_id or underlying_asset_symbol is required', 'param': 'underlying_asset_symbol'}]}}, 'success': False}
2026-01-13 23:30:05,974 Position sync failed. Holding state.
2026-01-13 23:30:09,655 Pos Fetch Failed (Server): {'error': {'code': 'bad_schema', 'context': {'schema_errors': [{'code': 'validation_error', 'message': 'one out of product_id or underlying_asset_symbol is required', 'param': 'product_id'}, {'code': 'validation_error', 'message': 'one out of product_id or underlying_asset_symbol is required', 'param': 'underlying_asset_symbol'}]}}, 'success': False}
2026-01-13 23:30:10,486 Position sync failed. Holding state.
2026-01-13 23:30:14,141 Pos Fetch Failed (Server): {'error': {'code': 'bad_schema', 'context': {'schema_errors': [{'code': 'validation_error', 'message': 'one out of product_id or underlying_asset_symbol is required', 'param': 'product_id'}, {'code': 'validation_error', 'message': 'one out of product_id or underlying_asset_symbol is required', 'param': 'underlying_asset_symbol'}]}}, 'success': False}
2026-01-13 23:30:14,941 Position sync failed. Holding state.
2026-01-13 23:30:19,721 Pos Fetch Failed (Server): {'error': {'code': 'bad_schema', 'context': {'schema_errors': [{'code': 'validation_error', 'message': 'one out of product_id or underlying_asset_symbol is required', 'param': 'product_id'}, {'code': 'validation_error', 'message': 'one out of product_id or underlying_asset_symbol is required', 'param': 'underlying_asset_symbol'}]}}, 'success': False}
2026-01-13 23:30:21,110 Position sync failed. Holding state.
2026-01-13 23:30:25,945 Pos Fetch Failed (Server): {'error': {'code': 'bad_schema', 'context': {'schema_errors': [{'code': 'validation_error', 'message': 'one out of product_id or underlying_asset_symbol is required', 'param': 'product_id'}, {'code': 'validation_error', 'message': 'one out of product_id or underlying_asset_symbol is required', 'param': 'underlying_asset_symbol'}]}}, 'success': False}
2026-01-13 23:30:27,459 Position sync failed. Holding state.
2026-01-13 23:30:31,927 Pos Fetch Failed (Server): {'error': {'code': 'bad_schema', 'context': {'schema_errors': [{'code': 'validation_error', 'message': 'one out of product_id or underlying_asset_symbol is required', 'param': 'product_id'}, {'code': 'validation_error', 'message': 'one out of product_id or underlying_asset_symbol is required', 'param': 'underlying_asset_symbol'}]}}, 'success': False}
2026-01-13 23:30:32,840 Position sync failed. Holding state.
2026-01-13 23:30:36,880 Pos Fetch Failed (Server): {'error': {'code': 'bad_schema', 'context': {'schema_errors': [{'code': 'validation_error', 'message': 'one out of product_id or underlying_asset_symbol is required', 'param': 'product_id'}, {'code': 'validation_error', 'message': 'one out of product_id or underlying_asset_symbol is required', 'param': 'underlying_asset_symbol'}]}}, 'success': False}
2026-01-13 23:30:37,713 Position sync failed. Holding state.
2026-01-13 23:30:41,461 Pos Fetch Failed (Server): {'error': {'code': 'bad_schema', 'context': {'schema_errors': [{'code': 'validation_error', 'message': 'one out of product_id or underlying_asset_symbol is required', 'param': 'product_id'}, {'code': 'validation_error', 'message': 'one out of product_id or underlying_asset_symbol is required', 'param': 'underlying_asset_symbol'}]}}, 'success': False}
2026-01-13 23:30:42,546 Position sync failed. Holding state.
2026-01-13 23:33:23,067 Bot initialized. Model loaded.
2026-01-13 23:35:38,575 Bracket Order -> SL: 93136 | TP: 94072
2026-01-13 23:36:47,067 Block: Attempted sell order with invalid size 0
2026-01-13 23:36:48,595 Bracket Order -> SL: 93136 | TP: 94072
2026-01-13 23:37:55,296 Block: Attempted sell order with invalid size 0
2026-01-13 23:37:56,679 Bracket Order -> SL: 93136 | TP: 94072
2026-01-13 23:39:02,769 Block: Attempted sell order with invalid size 0
2026-01-13 23:40:08,839 Bracket Order -> SL: 93126 | TP: 94062
2026-01-14 13:13:17,150 Bot initialized. Model loaded.
2026-01-14 13:17:50,191 Bot initialized. Model loaded.
2026-01-14 19:17:31,705 Bot initialized. Model loaded.
2026-01-14 19:17:39,196 Bracket Order -> SL: 94528 | TP: 95478
2026-01-15 02:12:15,021 Bot started.
2026-01-15 02:13:22,699 Entered LONG at 95000.8
2026-01-15 20:28:31,298 Entered LONG at 96005.7
2026-01-15 20:31:37,770 Exit (Take Profit): PnL $2062.00
2026-01-15 20:31:44,270 Entered LONG at 96211.9
2026-01-15 20:38:58,936 Exit (Stop Loss): PnL $-3131.00
2026-01-15 20:39:03,917 Entered LONG at 95898.8
2026-01-15 20:40:06,249 Exit (Take Profit): PnL $3734.00
2026-01-15 20:41:13,022 Entered LONG at 96192.4
2026-01-15 20:55:41,151 Exit (Stop Loss): PnL $-2053.00
2026-01-15 20:56:47,646 Entered LONG at 95849.9
2026-01-15 21:09:08,975 Exit (Stop Loss): PnL $-2338.00
2026-01-15 21:11:17,636 Entered LONG at 95636.5
2026-01-15 21:14:23,565 Exit (Take Profit): PnL $2352.00
2026-01-15 21:14:27,849 Entered LONG at 95871.7
2026-01-15 21:17:33,483 Exit (Stop Loss): PnL $-2294.00
2026-01-15 21:17:39,581 Entered LONG at 95642.3
2026-01-15 21:20:45,146 Exit (Stop Loss): PnL $-2044.00
2026-01-15 21:22:53,831 Entered LONG at 95541.0
2026-01-15 21:27:01,870 Exit (Take Profit): PnL $4171.00
2026-01-15 21:28:09,061 Entered LONG at 96318.4
2026-01-15 21:30:13,315 Exit (Take Profit): PnL $4353.00
2026-01-15 21:30:18,068 Entered LONG at 96753.7
2026-01-15 21:32:22,452 Exit (Stop Loss): PnL $-2667.00
2026-01-15 21:34:33,171 Entered LONG at 96394.5
2026-01-15 22:05:35,083 Exit (Time Limit): PnL $-345.00
2026-01-15 22:05:36,573 Order Failed: {'error': {'code': 'no_position_for_reduce_only'}, 'success': False}
2026-01-15 22:05:39,887 Entered SHORT at 96360.0
2026-01-15 22:12:54,194 Exit (Stop Loss): PnL $-3227.00
2026-01-15 22:16:03,539 Entered LONG at 96663.2
2026-01-15 22:39:48,451 Exit (Stop Loss): PnL $-2301.00
2026-01-15 22:39:53,427 Entered LONG at 96433.1
2026-01-15 22:59:32,051 Exit (Take Profit): PnL $2256.00
2026-01-15 23:01:41,002 Entered LONG at 96657.3
2026-01-15 23:12:01,282 Exit (Take Profit): PnL $2146.00
2026-01-15 23:13:08,071 Entered LONG at 97038.2
2026-01-15 23:20:21,356 Exit (Stop Loss): PnL $-2520.00
2026-01-15 23:22:29,488 Entered LONG at 96806.3
2026-01-15 23:26:37,115 Exit (Stop Loss): PnL $-2319.00
2026-01-15 23:26:41,603 Entered LONG at 96574.4
2026-01-15 23:41:14,481 Exit (Stop Loss): PnL $-3746.00
2026-01-15 23:42:20,661 Entered LONG at 96228.8
2026-01-15 23:53:42,367 Exit (Stop Loss): PnL $-2157.00
2026-01-15 23:55:50,720 Entered LONG at 96079.9
2026-01-16 00:11:20,661 Exit (Stop Loss): PnL $-2774.00
2026-01-16 00:11:25,889 Entered LONG at 95802.5
2026-01-16 00:15:34,286 Exit (Take Profit): PnL $1949.00
2026-01-16 00:16:41,556 Entered LONG at 95978.6
2026-01-16 00:31:10,767 Exit (Stop Loss): PnL $-2486.00
2026-01-16 00:32:17,317 Entered LONG at 95656.9
2026-01-16 17:07:25,463 Bot started.
2026-01-16 17:09:36,903 Entered LONG at 95325.7
2026-01-16 17:40:36,124 Exit (Time Limit): PnL $88.30
2026-01-16 17:40:37,527 Order Exception: Expecting value: line 1 column 1 (char 0)
2026-01-16 17:40:39,995 Order Exception: Expecting value: line 1 column 1 (char 0)
2026-01-16 19:06:46,744 Bot started.
2026-01-16 19:10:24,580 Bot started.
2026-01-16 19:14:41,347 Order Exception: Expecting value: line 1 column 1 (char 0)
2026-01-16 19:15:46,125 Order Exception: Expecting value: line 1 column 1 (char 0)
2026-01-16 19:16:50,860 Order Exception: Expecting value: line 1 column 1 (char 0)
2026-01-16 19:21:02,817 Order Exception: Expecting value: line 1 column 1 (char 0)
2026-01-16 19:22:07,231 Order Exception: Expecting value: line 1 column 1 (char 0)
2026-01-16 19:24:14,988 Order Exception: Expecting value: line 1 column 1 (char 0)
2026-01-16 19:35:11,849 Bot started.
2026-01-16 19:37:24,970 Order Failed (Invalid JSON): Status=502, Body=<html>

<head><title>502 Bad Gateway</title></head>

<body>

<center><h1>502 Bad Gateway</h1></center>

<hr><center>nginx/1.18.0 (Ubuntu)</center>

</body>

</html>


2026-01-16 19:41:50,691 Bot started.
2026-01-16 19:45:08,975 Invalid JSON response: Not Found...
2026-01-16 21:27:44,739 Max retries reached. Request failed.
2026-01-16 21:30:57,721 Invalid JSON response: Not Found...
2026-01-16 21:30:59,276 Server Error 502. Retrying (1/3)...
2026-01-16 21:31:03,254 Entered LONG at 94537.7
2026-01-16 21:54:11,232 Bot started.
2026-01-16 23:57:02,387 Invalid JSON response: Not Found...
2026-01-16 23:57:03,767 Server Error 502. Retrying (1/3)...
2026-01-16 23:57:06,955 Server Error 502. Retrying (2/3)...
2026-01-16 23:57:12,182 Server Error 502. Retrying (3/3)...
2026-01-16 23:57:18,183 Max retries reached. Request failed.
2026-01-16 23:58:25,968 Invalid JSON response: Not Found...
2026-01-16 23:58:27,280 Server Error 502. Retrying (1/3)...
2026-01-16 23:58:30,608 Server Error 502. Retrying (2/3)...
2026-01-16 23:58:35,820 Server Error 502. Retrying (3/3)...
2026-01-16 23:58:41,820 Max retries reached. Request failed.
2026-01-17 00:00:50,653 Invalid JSON response: Not Found...
2026-01-17 00:00:52,413 Server Error 502. Retrying (1/3)...
2026-01-17 00:00:55,677 Server Error 502. Retrying (2/3)...
2026-01-17 00:01:01,113 Server Error 502. Retrying (3/3)...
2026-01-17 00:01:07,114 Max retries reached. Request failed.
2026-01-17 17:12:20,373 Bot started.
2026-01-17 17:14:35,219 Invalid JSON response: Not Found...
2026-01-17 17:14:37,554 Entered SHORT at 95262.4
2026-01-17 17:45:05,544 Exit (Time Limit): PnL $-42.00
2026-01-17 17:47:15,223 Invalid JSON response: Not Found...
2026-01-17 17:47:16,825 Entered LONG at 95275.3
2026-01-17 18:45:10,047 Network Error: HTTPSConnectionPool(host='cdn-ind.testnet.deltaex.org', port=443): Max retries exceeded with url: /v2/history/candles?symbol=BTCUSD&resolution=1m&start=1768649709&end=1768655709 (Caused by NameResolutionError("<urllib3.connection.HTTPSConnection object at 0x000002647AD7AB40>: Failed to resolve 'cdn-ind.testnet.deltaex.org' ([Errno 11001] getaddrinfo failed)")). Retrying...
2026-01-17 18:45:30,126 Exit (Time Limit): PnL $-85.30
2026-01-17 18:46:37,012 Invalid JSON response: Not Found...
2026-01-17 18:46:38,908 Entered LONG at 95218.4
2026-01-17 19:17:22,407 Exit (Time Limit): PnL $153.60
2026-01-17 19:17:25,292 Invalid JSON response: Not Found...
2026-01-17 19:17:26,975 Entered LONG at 95372.0
2026-01-17 19:48:13,213 Exit (Time Limit): PnL $28.00
2026-01-17 19:48:16,100 Invalid JSON response: Not Found...
2026-01-17 19:48:19,010 Entered LONG at 95400.0
2026-01-17 20:18:51,189 Exit (Time Limit): PnL $-21.40
2026-01-17 20:18:54,115 Invalid JSON response: Not Found...
2026-01-17 20:18:55,942 Entered LONG at 95378.6
2026-01-17 20:37:55,113 Exit (Take Profit): PnL $222.10
2026-01-17 20:37:55,882 Order Failed: {'error': {'code': 'no_position_for_reduce_only'}, 'success': False}
2026-01-17 20:38:59,167 Invalid JSON response: Not Found...
2026-01-17 20:39:00,501 Entered LONG at 95600.0
2026-01-17 20:54:52,619 Exit (Stop Loss): PnL $-218.60
2026-01-17 20:54:54,120 Order Failed: {'error': {'code': 'no_position_for_reduce_only'}, 'success': False}
2026-01-17 20:54:55,619 Invalid JSON response: Not Found...
2026-01-17 20:54:57,586 Entered LONG at 95381.4
2026-01-17 21:25:30,993 Exit (Time Limit): PnL $115.40
2026-01-17 21:26:36,155 Invalid JSON response: Not Found...
2026-01-17 21:26:37,413 Entered LONG at 95539.2
2026-01-17 21:54:42,612 Exit (Stop Loss): PnL $-244.80
2026-01-17 21:54:44,351 Order Failed: {'error': {'code': 'no_position_for_reduce_only'}, 'success': False}
2026-01-17 21:55:49,301 Invalid JSON response: Not Found...
2026-01-17 21:55:51,092 Entered LONG at 95279.3
2026-01-17 22:26:33,625 Exit (Time Limit): PnL $-30.30
2026-01-17 22:26:36,539 Invalid JSON response: Not Found...
2026-01-17 22:26:38,198 Entered LONG at 95249.0
2026-01-17 22:57:14,030 Exit (Time Limit): PnL $109.60
2026-01-17 22:57:16,989 Invalid JSON response: Not Found...
2026-01-17 22:57:18,695 Entered LONG at 95358.6
2026-01-18 11:20:33,657 Bot started.
2026-01-18 11:20:43,167 Invalid JSON response: Not Found...
2026-01-18 11:20:44,931 Entered LONG at 95164.7
2026-01-18 11:30:41,487 Bot started.
2026-01-18 11:30:49,956 Invalid JSON response: Not Found...
2026-01-18 11:30:51,423 Entered LONG at 95154.5
2026-01-18 12:01:46,751 Exit (Time Limit): PnL $-21.40
2026-01-18 12:02:52,467 Invalid JSON response: Not Found...
2026-01-18 12:02:53,724 Entered LONG at 95117.3
2026-01-18 12:33:40,940 Exit (Time Limit): PnL $25.00
2026-01-18 12:33:45,005 Invalid JSON response: Not Found...
2026-01-18 12:33:46,753 Entered LONG at 95142.3
2026-01-18 13:04:28,246 Exit (Time Limit): PnL $-127.00
2026-01-18 13:08:47,247 Invalid JSON response: Not Found...
2026-01-18 13:08:48,712 Entered LONG at 95013.7
2026-01-18 13:39:30,824 Exit (Time Limit): PnL $-1.80
2026-01-18 13:39:32,261 Order Failed: {'error': {'code': 'market_disrupted_cancel_only_mode'}, 'success': False}
2026-01-18 13:40:36,815 Invalid JSON response: Not Found...
2026-01-18 13:40:38,043 Order Failed: {'error': {'code': 'market_disrupted_cancel_only_mode'}, 'success': False}
2026-01-18 13:42:46,136 Invalid JSON response: Not Found...
2026-01-18 13:42:47,241 Order Failed: {'error': {'code': 'market_disrupted_cancel_only_mode'}, 'success': False}
2026-01-18 13:43:49,355 Server Error 502. Retrying (1/3)...
2026-01-18 13:43:52,751 Server Error 502. Retrying (2/3)...
2026-01-18 13:43:58,155 Server Error 502. Retrying (3/3)...
2026-01-18 13:44:04,157 Max retries reached. Request failed.
2026-01-18 13:44:11,464 Server Error 502. Retrying (1/3)...
2026-01-18 13:44:14,653 Server Error 502. Retrying (2/3)...
2026-01-18 13:44:19,769 Server Error 502. Retrying (3/3)...
2026-01-18 13:44:25,782 Max retries reached. Request failed.
2026-01-18 13:45:30,439 Invalid JSON response: Not Found...
2026-01-18 13:45:31,874 Order Failed: {'error': {'code': 'market_disrupted_cancel_only_mode'}, 'success': False}
2026-01-18 13:48:43,289 Invalid JSON response: Not Found...
2026-01-18 13:48:44,416 Order Failed: {'error': {'code': 'market_disrupted_post_only_mode'}, 'success': False}
2026-01-18 13:49:48,880 Invalid JSON response: Not Found...
2026-01-18 13:49:50,153 Order Failed: {'error': {'code': 'market_disrupted_post_only_mode'}, 'success': False}
2026-01-18 13:53:01,493 Invalid JSON response: Not Found...
2026-01-18 13:53:03,296 Entered LONG at 95018.9
2026-01-18 14:23:46,045 Exit (Time Limit): PnL $133.60
2026-01-18 14:23:47,203 Order Failed: {'error': {'code': 'no_position_for_reduce_only'}, 'success': False}
2026-01-18 14:24:51,532 Invalid JSON response: Not Found...
2026-01-18 14:24:52,983 Entered LONG at 95153.6
2026-01-18 16:34:41,764 Network Error: HTTPSConnectionPool(host='cdn-ind.testnet.deltaex.org', port=443): Max retries exceeded with url: /v2/history/candles?symbol=BTCUSD&resolution=1m&start=1768728281&end=1768734281 (Caused by NameResolutionError("<urllib3.connection.HTTPSConnection object at 0x000001F69B783380>: Failed to resolve 'cdn-ind.testnet.deltaex.org' ([Errno 11004] getaddrinfo failed)")). Retrying...
2026-01-18 16:34:47,266 Exit (Time Limit): PnL $-53.60
2026-01-18 16:34:49,973 Invalid JSON response: Not Found...
2026-01-18 16:34:51,441 Entered LONG at 95100.0
2026-01-18 17:05:39,498 Exit (Time Limit): PnL $-39.90
2026-01-18 17:06:45,924 Invalid JSON response: Not Found...
2026-01-18 17:06:47,644 Entered LONG at 95059.7
2026-01-18 17:37:27,460 Exit (Time Limit): PnL $35.90
2026-01-18 17:37:29,954 Invalid JSON response: Not Found...
2026-01-18 17:37:31,571 Entered LONG at 95095.6
2026-01-18 18:08:11,577 Exit (Time Limit): PnL $29.60
2026-01-18 18:08:14,598 Invalid JSON response: Not Found...
2026-01-18 18:08:16,284 Entered LONG at 95125.2
2026-01-18 18:38:45,097 Exit (Time Limit): PnL $-105.00
2026-01-18 18:38:46,438 Order Failed: {'error': {'code': 'no_position_for_reduce_only'}, 'success': False}
2026-01-18 18:39:50,832 Invalid JSON response: Not Found...
2026-01-18 18:39:52,330 Entered LONG at 94999.9
2026-01-18 18:43:52,374 Bot started.
2026-01-18 18:44:03,205 Entered LONG at 94999.0
2026-01-18 18:56:50,587 Local Exit (Stop Loss): PnL $-143.30
2026-01-18 18:56:54,019 Entered LONG at 94855.7
2026-01-18 19:11:47,904 Order Failed: {'error': {'code': 'no_position_for_reduce_only'}, 'success': False}
2026-01-18 19:11:47,904 Local Exit (Take Profit): PnL $250.90
2026-01-18 19:11:50,835 Entered SHORT at 95106.6
2026-01-18 20:40:24,130 Order Failed: {'error': {'code': 'no_position_for_reduce_only'}, 'success': False}
2026-01-18 20:40:24,131 Local Exit (Time Limit): PnL $150.40
2026-01-18 20:40:27,242 Entered LONG at 94956.2
2026-01-18 21:11:22,823 Local Exit (Time Limit): PnL $94.80
2026-01-18 21:11:26,940 Entered LONG at 95051.0
2026-01-18 22:00:18,488 Local Exit (Time Limit): PnL $6.90
2026-01-18 22:00:21,766 Entered LONG at 95057.9
2026-01-18 22:31:11,398 Local Exit (Time Limit): PnL $68.20
2026-01-18 22:31:14,551 Entered LONG at 95126.1
2026-01-18 23:02:05,573 Local Exit (Time Limit): PnL $108.40
2026-01-18 23:31:17,812 Bot started.
2026-01-26 20:27:04,001 Bot started.
2026-01-26 20:27:12,796 Entered LONG at 87948.9
2026-01-26 20:28:16,140 Order Failed: {'error': {'code': 'no_position_for_reduce_only'}, 'success': False}
2026-01-26 20:28:16,140 Local Exit (Take Profit): PnL $213.10
2026-01-26 20:28:18,270 Entered LONG at 88162.0
2026-01-26 20:36:25,891 Bot started.
2026-01-26 20:36:34,858 Entered LONG at 88165.1
2026-01-26 20:39:11,705 Bot started.
2026-01-26 20:39:20,221 Entered LONG at 88209.2
2026-01-26 20:41:26,770 Order Failed: {'error': {'code': 'no_position_for_reduce_only'}, 'success': False}
2026-01-26 20:41:26,770 Local Exit (Take Profit): PnL $216.00
2026-01-26 20:41:29,304 Entered LONG at 88425.2
2026-01-26 20:42:33,404 Local Exit (Take Profit): PnL $191.20
2026-01-26 20:42:39,022 Entered SHORT at 88616.4
2026-01-26 20:43:42,749 Local Exit (Take Profit): PnL $187.20
2026-01-26 20:47:56,086 Entered SHORT at 88746.3
2026-01-26 20:51:05,724 Order Failed: {'error': {'code': 'no_position_for_reduce_only'}, 'success': False}
2026-01-26 20:51:05,724 Local Exit (Take Profit): PnL $214.40
2026-01-26 21:11:15,800 Entered LONG at 87699.0
2026-01-26 21:13:24,025 Order Failed: {'error': {'code': 'no_position_for_reduce_only'}, 'success': False}
2026-01-26 21:13:24,025 Local Exit (Stop Loss): PnL $-229.80
2026-01-26 21:13:26,183 Entered LONG at 87469.2
2026-01-26 21:21:28,743 Bot started.
2026-01-26 21:38:24,193 Entered LONG at 87282.8
2026-01-26 21:39:28,447 Order Failed: {'error': {'code': 'no_position_for_reduce_only'}, 'success': False}
2026-01-26 21:39:28,447 Local Exit (Take Profit): PnL $136.10
2026-01-26 21:45:44,953 Entered LONG at 87378.0
2026-01-26 21:46:48,545 Local Exit (Stop Loss): PnL $-210.40
2026-01-26 21:46:50,563 Entered LONG at 87167.6
2026-01-26 21:49:58,476 Order Failed: {'error': {'code': 'no_position_for_reduce_only'}, 'success': False}
2026-01-26 21:49:58,476 Local Exit (Take Profit): PnL $167.40
2026-01-26 21:50:00,396 Entered LONG at 87335.0
2026-01-26 21:52:06,586 Order Failed: {'error': {'code': 'no_position_for_reduce_only'}, 'success': False}
2026-01-26 21:52:06,586 Local Exit (Take Profit): PnL $220.50
2026-01-26 21:52:09,242 Entered LONG at 87555.5
2026-01-26 21:58:47,718 Order Failed: {'error': {'code': 'no_position_for_reduce_only'}, 'success': False}
2026-01-26 21:58:47,718 Local Exit (Take Profit): PnL $208.60
2026-01-26 21:58:49,707 Entered LONG at 87764.1
2026-01-26 22:03:01,254 Order Failed: {'error': {'code': 'no_position_for_reduce_only'}, 'success': False}
2026-01-26 22:03:01,254 Local Exit (Stop Loss): PnL $-164.20

2026-01-31 13:06:57,032 Bot started.
2026-01-31 13:07:13,771 Entered LONG at 82870.4
2026-01-31 13:22:37,693 Bot started.
2026-01-31 13:22:57,674 Entered LONG at 82870.4
2026-01-31 16:09:57,182 Order Failed: {'error': {'code': 'no_position_for_reduce_only'}, 'success': False}
2026-01-31 16:09:57,183 Local Exit (Time Limit): PnL $56.70
2026-01-31 16:10:00,443 Entered LONG at 82927.1
2026-01-31 16:40:17,620 Local Exit (Time Limit): PnL $0.00
2026-01-31 16:40:20,687 Entered LONG at 82927.1
2026-01-31 17:10:27,808 Local Exit (Time Limit): PnL $0.00
2026-01-31 17:10:31,343 Entered LONG at 82927.1
2026-01-31 17:40:40,888 Order Failed: {'error': {'code': 'no_position_for_reduce_only'}, 'success': False}
2026-01-31 17:40:40,888 Local Exit (Time Limit): PnL $0.00
2026-01-31 17:40:45,777 Entered LONG at 82927.1
2026-01-31 18:20:56,599 Local Exit (Time Limit): PnL $0.00
2026-01-31 18:21:27,189 Order Failed: {'error': {'code': 'expired_signature', 'context': {'request_time': 1769863872, 'server_time': 1769863886}}, 'success': False}
2026-01-31 18:21:29,494 Sync: Found existing LONG
2026-01-31 18:22:35,140 Local Exit (Time Limit): PnL $0.00
2026-01-31 18:22:38,479 Entered LONG at 82927.1
2026-01-31 18:53:03,185 Local Exit (Time Limit): PnL $0.00
2026-01-31 18:53:07,674 Entered LONG at 82927.1
2026-01-31 19:23:40,924 Order Failed: {'error': {'code': 'no_position_for_reduce_only'}, 'success': False}
2026-01-31 19:23:40,924 Local Exit (Time Limit): PnL $-58.50
2026-01-31 19:23:45,499 Entered LONG at 82868.6
2026-01-31 19:54:30,492 Order Failed: {'error': {'code': 'no_position_for_reduce_only'}, 'success': False}
2026-01-31 19:54:30,493 Local Exit (Time Limit): PnL $58.90
2026-01-31 19:54:35,442 Entered LONG at 82927.5
2026-01-31 20:25:06,846 Order Failed: {'error': {'code': 'no_position_for_reduce_only'}, 'success': False}
2026-01-31 20:25:06,848 Local Exit (Time Limit): PnL $4.20
2026-01-31 20:25:12,514 Entered LONG at 82931.7
2026-01-31 20:56:05,750 Local Exit (Time Limit): PnL $0.00
2026-01-31 20:56:11,337 Entered LONG at 82931.7
2026-01-31 21:27:19,608 Local Exit (Time Limit): PnL $0.00
2026-01-31 21:27:24,416 Entered LONG at 82931.7
2026-01-31 22:17:56,320 Bot started.
2026-01-31 22:18:07,529 Order Failed: {'error': {'code': 'immediate_liquidation'}, 'success': False}
2026-01-31 22:18:08,891 Order Failed: {'error': {'code': 'immediate_liquidation'}, 'success': False}
2026-01-31 22:19:14,980 Order Failed: {'error': {'code': 'immediate_liquidation'}, 'success': False}
2026-01-31 22:19:16,127 Order Failed: {'error': {'code': 'immediate_liquidation'}, 'success': False}
2026-01-31 22:20:22,896 Order Failed: {'error': {'code': 'immediate_liquidation'}, 'success': False}
2026-01-31 22:20:24,045 Order Failed: {'error': {'code': 'immediate_liquidation'}, 'success': False}
2026-01-31 22:21:29,619 Order Failed: {'error': {'code': 'immediate_liquidation'}, 'success': False}
2026-01-31 22:21:30,677 Order Failed: {'error': {'code': 'immediate_liquidation'}, 'success': False}
2026-01-31 22:22:36,827 Order Failed: {'error': {'code': 'immediate_liquidation'}, 'success': False}
2026-01-31 22:22:38,305 Order Failed: {'error': {'code': 'immediate_liquidation'}, 'success': False}
2026-01-31 22:23:44,863 Order Failed: {'error': {'code': 'immediate_liquidation'}, 'success': False}
2026-01-31 22:23:46,034 Order Failed: {'error': {'code': 'immediate_liquidation'}, 'success': False}
2026-01-31 22:24:52,720 Order Failed: {'error': {'code': 'immediate_liquidation'}, 'success': False}
2026-01-31 22:24:54,038 Order Failed: {'error': {'code': 'immediate_liquidation'}, 'success': False}
2026-01-31 22:26:01,622 Order Failed: {'error': {'code': 'immediate_liquidation'}, 'success': False}
2026-01-31 22:26:03,106 Order Failed: {'error': {'code': 'immediate_liquidation'}, 'success': False}
2026-01-31 22:27:11,031 Order Failed: {'error': {'code': 'immediate_liquidation'}, 'success': False}
2026-01-31 22:27:12,569 Order Failed: {'error': {'code': 'immediate_liquidation'}, 'success': False}
2026-01-31 22:28:19,659 Order Failed: {'error': {'code': 'immediate_liquidation'}, 'success': False}
2026-01-31 22:28:21,074 Order Failed: {'error': {'code': 'immediate_liquidation'}, 'success': False}
2026-01-31 22:29:27,535 Order Failed: {'error': {'code': 'immediate_liquidation'}, 'success': False}
2026-01-31 22:29:28,933 Order Failed: {'error': {'code': 'immediate_liquidation'}, 'success': False}
2026-01-31 22:30:35,518 Order Failed: {'error': {'code': 'immediate_liquidation'}, 'success': False}
2026-01-31 22:30:36,660 Order Failed: {'error': {'code': 'immediate_liquidation'}, 'success': False}
2026-01-31 22:31:41,535 Order Failed: {'error': {'code': 'immediate_liquidation'}, 'success': False}
2026-01-31 22:31:42,345 Order Failed: {'error': {'code': 'immediate_liquidation'}, 'success': False}
2026-01-31 22:32:49,473 Order Failed: {'error': {'code': 'immediate_liquidation'}, 'success': False}
2026-01-31 22:32:50,288 Order Failed: {'error': {'code': 'immediate_liquidation'}, 'success': False}
2026-01-31 22:33:54,857 Order Failed: {'error': {'code': 'immediate_liquidation'}, 'success': False}
2026-01-31 22:33:55,658 Order Failed: {'error': {'code': 'immediate_liquidation'}, 'success': False}
2026-01-31 22:35:00,229 Order Failed: {'error': {'code': 'immediate_liquidation'}, 'success': False}
2026-01-31 22:35:01,173 Order Failed: {'error': {'code': 'immediate_liquidation'}, 'success': False}
2026-01-31 22:36:05,561 Order Failed: {'error': {'code': 'immediate_liquidation'}, 'success': False}
2026-01-31 22:36:06,355 Order Failed: {'error': {'code': 'immediate_liquidation'}, 'success': False}
2026-01-31 22:37:11,683 Order Failed: {'error': {'code': 'immediate_liquidation'}, 'success': False}
2026-01-31 22:37:12,783 Order Failed: {'error': {'code': 'immediate_liquidation'}, 'success': False}
2026-01-31 22:38:18,064 Order Failed: {'error': {'code': 'immediate_liquidation'}, 'success': False}
2026-01-31 22:38:19,065 Order Failed: {'error': {'code': 'immediate_liquidation'}, 'success': False}
